Search term	Match type	Campaign	Ad group	Impressions	Clicks	Cost	Conversions	Conv. value
safety signs	Exact match	NG | US | NB | Safety Signage	OSHA Signs	846	68	351.37	2	1195.58
osha safety signs	Exact match	NG | US | NB | Safety Signage	OSHA Signs	109	9	32.37	1	775.56
danger signs	Exact match	NG | US | NB | Safety Signage	Danger + Warning	211	12	92.12	0	0.00
warning signs for workplace	Broad match	NG | US | NB | Safety Signage	Danger + Warning	920	52	413.84	4	1560.90
custom safety signs	Exact match	NG | US | NB | Safety Signage	Custom Signs	553	33	136.48	4	1367.59
pipe markers	Exact match	NG | US | NB | Pipe Markers	Pipe Markers - Generic	290	28	231.61	3	1465.35
pipe marking labels	Broad match	NG | US | NB | Pipe Markers	Pipe Markers - Generic	1227	105	856.95	3	2070.50
ammonia pipe markers	Broad match	NG | US | NB | Pipe Markers	Ammonia + Chemical	557	27	212.86	0	0.00
chemical pipe labels	Exact match	NG | US | NB | Pipe Markers	Ammonia + Chemical	84	4	30.93	0	0.00
lockout tagout kits	Broad match	NG | US | NB | Lockout Tagout	LOTO Kits	614	47	380.42	2	1139.24
loto station	Phrase match	NG | US | NB | Lockout Tagout	LOTO Kits	883	42	152.22	1	2973.87
lockout padlocks	Exact match	NG | US | NB | Lockout Tagout	LOTO Padlocks	1034	64	373.30	2	620.70
floor marking tape	Exact match	NG | US | NB | Floor Marking	Floor Tape	117	11	78.02	0	0.00
warehouse floor tape	Phrase match	NG | US | NB | Floor Marking	Floor Tape	440	23	83.28	0	0.00
floor safety signs	Broad match	NG | US | NB | Floor Marking	Floor Signs	718	44	192.27	2	1029.97
osha pipe marking requirements	Exact match	NG | US | NB | Pipe Markers	Pipe Markers - Generic	203	12	37.35	0	0.00
what color is an ammonia pipe label	Exact match	NG | US | NB | Pipe Markers	Ammonia + Chemical	188	11	24.48	0	0.00
how to label pipes in a plant	Phrase match	NG | US | NB | Pipe Markers	Pipe Markers - Generic	997	41	124.49	1	634.76
ansi pipe marking standard	Exact match	NG | US | NB | Pipe Markers	Pipe Markers - Generic	784	36	149.66	0	0.00
osha sign color requirements	Broad match	NG | US | NB | Safety Signage	OSHA Signs	1490	69	181.65	0	0.00
do i need a lockout tagout program	Exact match	NG | US | NB | Lockout Tagout	LOTO Kits	676	50	107.36	1	315.57
lockout tagout requirements osha	Phrase match	NG | US | NB | Lockout Tagout	LOTO Kits	411	30	61.66	1	537.96
floor marking color standard	Phrase match	NG | US | NB | Floor Marking	Floor Tape	463	23	101.07	0	0.00
how wide should aisle marking be	Broad match	NG | US | NB | Floor Marking	Floor Tape	1209	72	261.66	1	356.64
free printable safety signs	Broad match	NG | US | NB | Safety Signage	OSHA Signs	1997	22	34.79	0	0.00
safety sign clipart	Exact match	NG | US | NB | Safety Signage	Custom Signs	1421	15	25.29	0	0.00
safety signs free download pdf	Phrase match	NG | US | NB | Safety Signage	OSHA Signs	561	5	14.52	0	0.00
osha inspector jobs	Phrase match	NG | US | NB | Safety Signage	OSHA Signs	1196	17	36.70	0	0.00
safety officer salary	Phrase match	NG | US | NB | Safety Signage	OSHA Signs	1703	24	87.74	0	0.00
how to become a safety manager	Phrase match	NG | US | NB | Lockout Tagout	LOTO Kits	2022	19	61.70	0	0.00
safety sign meanings quiz	Exact match	NG | US | NB | Safety Signage	Danger + Warning	1422	34	75.89	0	0.00
diy floor tape hack	Exact match	NG | US | NB | Floor Marking	Floor Tape	495	12	25.48	0	0.00
seldon safety signs	Phrase match	NG | US | NB | Safety Signage	Custom Signs	116	6	27.63	0	0.00
vantage pipe markers	Phrase match	NG | US | NB | Pipe Markers	Pipe Markers - Generic	599	30	234.71	1	321.52
seldon lockout tagout	Broad match	NG | US | NB | Lockout Tagout	LOTO Kits	514	21	130.58	1	2353.89
vantage floor tape	Phrase match	NG | US | NB | Floor Marking	Floor Tape	244	13	93.77	0	0.00
northgate mall hours	Broad match	NG | US | BR | Brand	Brand - Core	6312	26	35.91	0	0.00
northgate apartments for rent	Broad match	NG | US | BR | Brand	Brand - Core	6468	32	36.80	0	0.00
northgate station parking	Broad match	NG | US | BR | Brand	Brand - Core	861	7	5.05	0	0.00
northgate high school football	Exact match	NG | US | BR | Brand	Brand - Core	1849	11	5.69	0	0.00
northgate shopping centre	Exact match	NG | US | BR | Brand	Brand - Core	3252	21	18.07	0	0.00
northgate safety supply	Phrase match	NG | US | BR | Brand	Brand - Core	269	63	135.49	5	2561.67
northgate safety	Exact match	NG | US | BR | Brand	Brand - Core	615	111	205.15	7	3776.76
northgate safety supply catalog	Exact match	NG | US | BR | Brand	Brand - Products	864	190	474.40	18	12486.14
northgate pipe markers	Exact match	NG | US | BR | Brand	Brand - Products	731	166	243.24	13	8022.49
northgate loto kit	Exact match	NG | US | BR | Brand	Brand - Products	271	56	58.76	8	4008.54
seldon safety signs vs	Phrase match	NG | US | NB | Safety Signage	Custom Signs	243	10	80.69	0	0.00
free printable safety signs youtube	Phrase match	NG | US | NB | Safety Signage	OSHA Signs	1890	43	150.65	0	0.00
buy safety sign clipart images	Phrase match	NG | US | NB | Safety Signage	Custom Signs	559	10	35.82	0	0.00
ansi pipe marking standard explained	Broad match	NG | US | NB | Pipe Markers	Pipe Markers - Generic	139	6	15.30	1	730.85
northgate mall hours map	Broad match	NG | US | BR | Brand	Brand - Core	2893	52	85.38	0	0.00
northgate apartments for rent map	Exact match	NG | US | BR | Brand	Brand - Core	5452	54	36.74	0	0.00
floor safety signs with logo	Phrase match	NG | US | NB | Floor Marking	Floor Signs	502	31	246.89	0	0.00
safety signs free download pdf reddit	Exact match	NG | US | NB | Safety Signage	OSHA Signs	611	14	34.26	0	0.00
osha safety signs vinyl	Broad match	NG | US | NB | Safety Signage	OSHA Signs	325	23	194.69	2	451.25
free printable safety signs free	Exact match	NG | US | NB | Safety Signage	OSHA Signs	1085	19	59.92	0	0.00
osha sign color requirements explained	Exact match	NG | US | NB | Safety Signage	OSHA Signs	1126	48	146.70	1	648.50
pipe markers with logo	Exact match	NG | US | NB | Pipe Markers	Pipe Markers - Generic	423	33	146.70	0	0.00
northgate high school football open today	Broad match	NG | US | BR | Brand	Brand - Core	1172	10	18.98	0	0.00
danger signs bulk	Phrase match	NG | US | NB | Safety Signage	Danger + Warning	381	27	105.11	0	0.00
danger signs industrial	Phrase match	NG | US | NB | Safety Signage	Danger + Warning	919	48	375.24	5	5103.40
where to buy seldon lockout tagout alternative	Exact match	NG | US | NB | Lockout Tagout	LOTO Kits	142	7	35.66	0	0.00
custom safety signs wholesale	Broad match	NG | US | NB | Safety Signage	Custom Signs	1076	92	304.19	3	1374.31
best how wide should aisle marking be pdf	Exact match	NG | US | NB | Floor Marking	Floor Tape	1422	60	305.86	1	330.91
loto station osha compliant	Phrase match	NG | US | NB | Lockout Tagout	LOTO Kits	75	4	28.94	0	0.00
lockout tagout kits vinyl	Broad match	NG | US | NB | Lockout Tagout	LOTO Kits	1267	68	195.49	2	427.32
osha safety signs reflective	Broad match	NG | US | NB | Safety Signage	OSHA Signs	859	77	515.43	0	0.00
northgate mall hours phone number	Broad match	NG | US | BR | Brand	Brand - Core	6329	75	84.22	0	0.00
how to label pipes in a plant chart	Phrase match	NG | US | NB | Pipe Markers	Pipe Markers - Generic	1532	92	243.86	2	3176.73
safety sign meanings quiz free	Broad match	NG | US | NB | Safety Signage	Danger + Warning	1138	22	83.05	0	0.00
vantage floor tape alternative	Phrase match	NG | US | NB | Floor Marking	Floor Tape	431	14	78.64	0	0.00
floor marking tape custom	Exact match	NG | US | NB | Floor Marking	Floor Tape	366	28	124.79	2	892.25
buy warehouse floor tape osha compliant	Phrase match	NG | US | NB | Floor Marking	Floor Tape	528	40	267.08	1	3519.74
osha pipe marking requirements standard	Broad match	NG | US | NB | Pipe Markers	Pipe Markers - Generic	1420	86	323.67	0	0.00
floor safety signs osha compliant	Broad match	NG | US | NB | Floor Marking	Floor Signs	1221	90	384.75	5	2080.38
vantage pipe markers review	Exact match	NG | US | NB | Pipe Markers	Pipe Markers - Generic	362	15	148.26	0	0.00
floor marking color standard guide	Broad match	NG | US | NB | Floor Marking	Floor Tape	1233	75	349.59	1	526.58
osha inspector jobs youtube	Exact match	NG | US | NB | Safety Signage	OSHA Signs	922	16	32.91	0	0.00
cheap seldon safety signs review	Exact match	NG | US | NB | Safety Signage	Custom Signs	623	24	123.26	0	0.00
ammonia pipe markers aluminum	Exact match	NG | US | NB | Pipe Markers	Ammonia + Chemical	926	68	249.59	3	1641.74
cheap osha pipe marking requirements	Exact match	NG | US | NB | Pipe Markers	Pipe Markers - Generic	1089	72	293.73	0	0.00
how to become a safety manager free	Broad match	NG | US | NB | Lockout Tagout	LOTO Kits	646	16	16.84	0	0.00
safety signs same day	Broad match	NG | US | NB | Safety Signage	OSHA Signs	288	13	48.72	0	0.00
where to buy northgate safety supply coupon	Broad match	NG | US | BR | Brand	Brand - Core	110	16	38.96	0	0.00
northgate station parking phone number	Broad match	NG | US | BR | Brand	Brand - Core	2129	18	20.19	0	0.00
floor safety signs bulk	Broad match	NG | US | NB | Floor Marking	Floor Signs	345	19	116.49	0	0.00
warehouse floor tape waterproof	Broad match	NG | US | NB | Floor Marking	Floor Tape	1151	75	556.68	0	0.00
osha inspector jobs images	Broad match	NG | US | NB | Safety Signage	OSHA Signs	1601	29	49.76	0	0.00
northgate shopping centre map	Phrase match	NG | US | BR | Brand	Brand - Core	4642	38	50.95	0	0.00
lockout tagout requirements osha guide	Phrase match	NG | US | NB | Lockout Tagout	LOTO Kits	1380	62	125.03	1	702.82
northgate pipe markers phone	Phrase match	NG | US | BR | Brand	Brand - Products	237	52	55.61	1	670.41
best warning signs for workplace osha compliant	Exact match	NG | US | NB | Safety Signage	Danger + Warning	205	9	58.98	0	0.00
how to become a safety manager youtube	Exact match	NG | US | NB | Lockout Tagout	LOTO Kits	557	6	7.25	0	0.00
loto station with logo	Phrase match	NG | US | NB | Lockout Tagout	LOTO Kits	795	74	362.37	3	1671.45
lockout padlocks bulk	Exact match	NG | US | NB | Lockout Tagout	LOTO Padlocks	1358	66	508.41	4	2358.23
ansi pipe marking standard chart	Exact match	NG | US | NB | Pipe Markers	Pipe Markers - Generic	587	28	123.92	0	0.00
best vantage floor tape vs	Broad match	NG | US | NB | Floor Marking	Floor Tape	63	2	20.12	0	0.00
chemical pipe labels pack of 50	Phrase match	NG | US | NB | Pipe Markers	Ammonia + Chemical	107	7	21.36	0	0.00
diy floor tape hack youtube	Broad match	NG | US | NB | Floor Marking	Floor Tape	829	7	6.66	0	0.00
northgate shopping centre phone number	Phrase match	NG | US | BR | Brand	Brand - Core	1080	8	6.95	0	0.00
cheap ansi pipe marking standard checklist	Broad match	NG | US | NB | Pipe Markers	Pipe Markers - Generic	1337	60	197.63	0	0.00
lockout tagout kits with logo	Broad match	NG | US | NB | Lockout Tagout	LOTO Kits	141	13	52.49	0	0.00
what color is an ammonia pipe label pdf	Broad match	NG | US | NB | Pipe Markers	Ammonia + Chemical	544	25	129.30	0	0.00
warning signs for workplace vinyl	Exact match	NG | US | NB | Safety Signage	Danger + Warning	173	12	85.35	0	0.00
where to buy vantage pipe markers alternative	Exact match	NG | US | NB | Pipe Markers	Pipe Markers - Generic	522	24	269.93	0	0.00
chemical pipe labels for sale	Exact match	NG | US | NB | Pipe Markers	Ammonia + Chemical	1136	83	247.42	0	0.00
warehouse floor tape for sale	Exact match	NG | US | NB | Floor Marking	Floor Tape	944	47	216.46	2	1446.74
northgate mall hours directions	Phrase match	NG | US | BR | Brand	Brand - Core	3838	56	34.91	0	0.00
ammonia pipe markers industrial	Broad match	NG | US | NB | Pipe Markers	Ammonia + Chemical	543	37	138.78	3	1089.29
safety signs custom	Phrase match	NG | US | NB | Safety Signage	OSHA Signs	1176	58	317.51	1	879.68
pipe marking labels reflective	Exact match	NG | US | NB | Pipe Markers	Pipe Markers - Generic	1323	112	753.97	6	2878.65
how to become a safety manager reddit	Broad match	NG | US | NB | Lockout Tagout	LOTO Kits	607	18	44.90	0	0.00
vantage pipe markers alternative	Exact match	NG | US | NB | Pipe Markers	Pipe Markers - Generic	688	34	370.32	0	0.00
warning signs for workplace heavy duty	Broad match	NG | US | NB | Safety Signage	Danger + Warning	1219	88	521.79	3	2557.68
floor marking tape near me	Phrase match	NG | US | NB | Floor Marking	Floor Tape	139	11	91.08	0	0.00
where to buy pipe markers near me	Phrase match	NG | US | NB | Pipe Markers	Pipe Markers - Generic	843	60	266.84	4	4609.90
northgate high school football map	Exact match	NG | US | BR | Brand	Brand - Core	771	8	7.69	0	0.00
danger signs large	Broad match	NG | US | NB | Safety Signage	Danger + Warning	671	58	338.32	2	1286.78
danger signs reflective	Phrase match	NG | US | NB | Safety Signage	Danger + Warning	889	47	224.64	3	2356.42
lockout padlocks near me	Exact match	NG | US | NB | Lockout Tagout	LOTO Padlocks	391	18	58.23	0	0.00
northgate safety supply coupon	Exact match	NG | US | BR | Brand	Brand - Core	101	15	29.78	0	0.00
safety signs free download pdf youtube	Phrase match	NG | US | NB | Safety Signage	OSHA Signs	2176	25	63.14	0	0.00
floor marking tape outdoor	Phrase match	NG | US | NB | Floor Marking	Floor Tape	1117	71	241.79	2	851.92
warehouse floor tape reflective	Phrase match	NG | US | NB | Floor Marking	Floor Tape	580	37	239.51	1	877.74
buy vantage pipe markers vs	Phrase match	NG | US | NB | Pipe Markers	Pipe Markers - Generic	427	23	157.78	0	0.00
where to buy how to label pipes in a plant guide	Phrase match	NG | US | NB | Pipe Markers	Pipe Markers - Generic	211	8	30.44	0	0.00
custom safety signs usa made	Phrase match	NG | US | NB | Safety Signage	Custom Signs	1211	74	307.25	2	1256.14
floor marking color standard 2026	Broad match	NG | US | NB | Floor Marking	Floor Tape	1377	79	306.52	1	2294.95
where to buy how to become a safety manager	Phrase match	NG | US | NB | Lockout Tagout	LOTO Kits	832	22	74.30	0	0.00
lockout padlocks aluminum	Broad match	NG | US | NB | Lockout Tagout	LOTO Padlocks	914	59	208.15	0	0.00
northgate safety supply login	Broad match	NG | US | BR | Brand	Brand - Core	602	134	318.30	11	5833.46
osha safety signs aluminum	Broad match	NG | US | NB | Safety Signage	OSHA Signs	1063	84	403.49	4	1468.22
northgate safety login	Phrase match	NG | US | BR | Brand	Brand - Core	870	202	188.23	16	7727.45
seldon lockout tagout alternative	Phrase match	NG | US | NB | Lockout Tagout	LOTO Kits	371	18	135.83	1	223.99
floor safety signs outdoor	Broad match	NG | US | NB | Floor Marking	Floor Signs	797	45	361.77	1	508.39
seldon safety signs price	Phrase match	NG | US | NB | Safety Signage	Custom Signs	338	12	126.67	0	0.00
how to label pipes in a plant guide	Broad match	NG | US | NB | Pipe Markers	Pipe Markers - Generic	387	20	59.40	1	465.50
loto station aluminum	Broad match	NG | US | NB | Lockout Tagout	LOTO Kits	227	17	75.87	0	0.00
lockout padlocks large	Broad match	NG | US | NB | Lockout Tagout	LOTO Padlocks	545	34	271.11	0	0.00
danger signs pack of 50	Broad match	NG | US | NB | Safety Signage	Danger + Warning	338	28	205.57	2	930.50
seldon lockout tagout vs	Exact match	NG | US | NB | Lockout Tagout	LOTO Kits	109	3	22.24	0	0.00
lockout tagout kits pack of 50	Exact match	NG | US | NB | Lockout Tagout	LOTO Kits	840	74	529.58	0	0.00
buy pipe markers industrial	Broad match	NG | US | NB | Pipe Markers	Pipe Markers - Generic	532	29	122.27	0	0.00
where to buy ammonia pipe markers custom	Phrase match	NG | US | NB | Pipe Markers	Ammonia + Chemical	1056	66	196.00	4	2055.86
custom safety signs with logo	Phrase match	NG | US | NB | Safety Signage	Custom Signs	966	89	449.74	3	2273.02
cheap warning signs for workplace for sale	Exact match	NG | US | NB | Safety Signage	Danger + Warning	131	9	30.52	0	0.00
floor safety signs heavy duty	Phrase match	NG | US | NB | Floor Marking	Floor Signs	1033	51	289.92	2	943.28
best osha safety signs usa made	Phrase match	NG | US | NB | Safety Signage	OSHA Signs	956	66	270.12	5	2057.82
northgate pipe markers shipping	Exact match	NG | US | BR | Brand	Brand - Products	63	10	27.53	0	0.00
safety sign meanings quiz youtube	Phrase match	NG | US | NB | Safety Signage	Danger + Warning	1614	13	46.11	0	0.00
cheap seldon lockout tagout price	Broad match	NG | US | NB | Lockout Tagout	LOTO Kits	442	20	184.77	0	0.00
pipe markers outdoor	Exact match	NG | US | NB | Pipe Markers	Pipe Markers - Generic	179	17	53.64	2	1273.33
where to buy floor marking tape wholesale	Exact match	NG | US | NB | Floor Marking	Floor Tape	935	81	318.91	2	1088.04
vantage pipe markers vs	Phrase match	NG | US | NB | Pipe Markers	Pipe Markers - Generic	255	14	98.25	0	0.00
osha pipe marking requirements chart	Broad match	NG | US | NB | Pipe Markers	Pipe Markers - Generic	261	11	46.32	0	0.00
lockout tagout kits bulk	Phrase match	NG | US | NB | Lockout Tagout	LOTO Kits	566	52	284.02	1	755.63
diy floor tape hack free	Phrase match	NG | US | NB | Floor Marking	Floor Tape	318	8	8.49	0	0.00
warning signs for workplace reflective	Broad match	NG | US | NB | Safety Signage	Danger + Warning	122	7	39.48	0	0.00
seldon lockout tagout price	Broad match	NG | US | NB | Lockout Tagout	LOTO Kits	436	20	106.69	1	879.66
where to buy northgate mall hours directions	Exact match	NG | US | BR | Brand	Brand - Core	5912	97	160.54	0	0.00
buy diy floor tape hack template	Broad match	NG | US | NB | Floor Marking	Floor Tape	272	4	5.95	0	0.00
ammonia pipe markers large	Broad match	NG | US | NB | Pipe Markers	Ammonia + Chemical	1203	103	359.78	5	3166.05
northgate high school football phone number	Phrase match	NG | US | BR | Brand	Brand - Core	4048	38	20.96	0	0.00
cheap loto station reflective	Exact match	NG | US | NB | Lockout Tagout	LOTO Kits	502	30	132.97	2	426.07
floor marking tape wholesale	Broad match	NG | US | NB | Floor Marking	Floor Tape	1220	82	666.52	2	1139.81
warehouse floor tape heavy duty	Broad match	NG | US | NB | Floor Marking	Floor Tape	728	64	423.20	2	763.03
northgate safety supply catalog shipping	Exact match	NG | US | BR | Brand	Brand - Products	270	48	51.56	5	1774.09
free printable safety signs images	Exact match	NG | US | NB | Safety Signage	OSHA Signs	1005	10	29.17	0	0.00
cheap what color is an ammonia pipe label explained	Exact match	NG | US | NB | Pipe Markers	Ammonia + Chemical	532	20	88.55	0	0.00
buy how to become a safety manager free	Broad match	NG | US | NB | Lockout Tagout	LOTO Kits	325	3	9.14	0	0.00
warehouse floor tape near me	Phrase match	NG | US | NB | Floor Marking	Floor Tape	1244	61	179.02	1	256.74
where to buy northgate shopping centre open today	Broad match	NG | US | BR | Brand	Brand - Core	5493	27	49.80	0	0.00
how to become a safety manager images	Phrase match	NG | US | NB | Lockout Tagout	LOTO Kits	1033	24	89.19	0	0.00
cheap northgate safety supply catalog coupon	Exact match	NG | US | BR | Brand	Brand - Products	486	81	110.69	6	3453.56
safety signs free download pdf free	Exact match	NG | US | NB | Safety Signage	OSHA Signs	415	6	19.10	0	0.00
pipe marking labels waterproof	Broad match	NG | US | NB | Pipe Markers	Pipe Markers - Generic	927	88	349.31	2	833.01
diy floor tape hack template	Exact match	NG | US | NB | Floor Marking	Floor Tape	251	3	9.76	0	0.00
safety signs supplier	Exact match	NG | US | NB | Safety Signage	OSHA Signs	367	20	78.89	1	314.33
warning signs for workplace bulk	Broad match	NG | US | NB | Safety Signage	Danger + Warning	403	22	132.16	1	762.05
safety signs reflective	Broad match	NG | US | NB | Safety Signage	OSHA Signs	1245	97	546.72	7	4356.79
where to buy floor safety signs near me	Phrase match	NG | US | NB | Floor Marking	Floor Signs	189	14	86.61	1	592.72
buy warning signs for workplace usa made	Broad match	NG | US | NB | Safety Signage	Danger + Warning	399	37	295.12	0	0.00
warehouse floor tape supplier	Broad match	NG | US | NB | Floor Marking	Floor Tape	1348	125	479.13	4	1539.92
cheap floor marking color standard chart	Phrase match	NG | US | NB | Floor Marking	Floor Tape	1305	65	321.20	0	0.00
custom safety signs pack of 50	Phrase match	NG | US | NB | Safety Signage	Custom Signs	220	13	65.11	1	160.67
loto station near me	Exact match	NG | US | NB | Lockout Tagout	LOTO Kits	1158	74	484.71	4	2951.14
loto station wholesale	Exact match	NG | US | NB | Lockout Tagout	LOTO Kits	920	65	212.09	6	5429.32
northgate loto kit login	Phrase match	NG | US | BR | Brand	Brand - Products	176	27	50.74	0	0.00
safety sign clipart template	Exact match	NG | US | NB | Safety Signage	Custom Signs	1714	14	39.06	0	0.00
northgate loto kit catalog	Exact match	NG | US | BR | Brand	Brand - Products	888	126	317.92	10	7603.34
safety officer salary images	Exact match	NG | US | NB | Safety Signage	OSHA Signs	1437	33	103.35	0	0.00
pipe markers near me	Broad match	NG | US | NB | Pipe Markers	Pipe Markers - Generic	911	57	261.59	2	1273.95
safety signs free download pdf template	Broad match	NG | US | NB | Safety Signage	OSHA Signs	1930	57	51.43	0	0.00
warehouse floor tape industrial	Exact match	NG | US | NB | Floor Marking	Floor Tape	605	31	187.60	0	0.00
loto station pack of 50	Broad match	NG | US | NB | Lockout Tagout	LOTO Kits	480	27	164.12	1	300.40
where to buy osha safety signs usa made	Exact match	NG | US | NB | Safety Signage	OSHA Signs	431	21	64.41	1	822.55
osha inspector jobs reddit	Broad match	NG | US | NB | Safety Signage	OSHA Signs	860	22	51.04	0	0.00
floor marking color standard explained	Phrase match	NG | US | NB | Floor Marking	Floor Tape	189	9	35.88	0	0.00
custom safety signs same day	Phrase match	NG | US | NB | Safety Signage	Custom Signs	519	29	203.50	0	0.00
northgate safety catalog	Broad match	NG | US | BR | Brand	Brand - Core	729	170	418.21	18	14891.50
where to buy custom safety signs large	Phrase match	NG | US | NB | Safety Signage	Custom Signs	474	44	260.14	0	0.00
chemical pipe labels supplier	Broad match	NG | US | NB | Pipe Markers	Ammonia + Chemical	832	56	322.35	2	471.10
northgate pipe markers login	Exact match	NG | US | BR | Brand	Brand - Products	201	33	53.23	7	3606.12
free printable safety signs template	Phrase match	NG | US | NB | Safety Signage	OSHA Signs	101	1	3.65	0	0.00
where to buy floor marking tape vinyl	Exact match	NG | US | NB | Floor Marking	Floor Tape	984	69	351.32	3	1499.24
how wide should aisle marking be standard	Broad match	NG | US | NB | Floor Marking	Floor Tape	1093	75	163.82	2	4143.75
danger signs aluminum	Exact match	NG | US | NB | Safety Signage	Danger + Warning	359	30	169.96	1	2464.89
cheap northgate safety supply shipping	Phrase match	NG | US | BR | Brand	Brand - Core	440	89	112.78	11	16703.26
custom safety signs near me	Broad match	NG | US | NB | Safety Signage	Custom Signs	151	13	105.46	0	0.00
where to buy northgate station parking	Phrase match	NG | US | BR | Brand	Brand - Core	870	8	10.10	0	0.00
osha sign color requirements standard	Phrase match	NG | US | NB | Safety Signage	OSHA Signs	376	17	76.03	1	642.03
northgate safety phone	Exact match	NG | US | BR | Brand	Brand - Core	102	20	22.65	2	4314.80
vantage pipe markers price	Phrase match	NG | US | NB | Pipe Markers	Pipe Markers - Generic	352	16	118.12	0	0.00
pipe markers waterproof	Phrase match	NG | US | NB | Pipe Markers	Pipe Markers - Generic	936	87	265.07	4	2170.31
safety signs free download pdf images	Exact match	NG | US | NB | Safety Signage	OSHA Signs	1910	49	170.54	0	0.00
floor marking color standard standard	Exact match	NG | US | NB | Floor Marking	Floor Tape	1326	97	350.31	2	560.52
northgate shopping centre open today	Broad match	NG | US | BR | Brand	Brand - Core	2675	20	32.31	0	0.00
danger signs waterproof	Phrase match	NG | US | NB | Safety Signage	Danger + Warning	921	70	541.39	2	893.91
osha pipe marking requirements guide	Exact match	NG | US | NB | Pipe Markers	Pipe Markers - Generic	1556	65	154.19	0	0.00
loto station bulk	Exact match	NG | US | NB | Lockout Tagout	LOTO Kits	734	57	370.02	5	1143.22
floor marking color standard chart	Broad match	NG | US | NB | Floor Marking	Floor Tape	297	17	78.24	0	0.00
osha inspector jobs free	Exact match	NG | US | NB | Safety Signage	OSHA Signs	630	19	34.58	0	0.00
buy osha pipe marking requirements chart	Broad match	NG | US | NB | Pipe Markers	Pipe Markers - Generic	1400	84	421.15	0	0.00
warehouse floor tape usa made	Phrase match	NG | US | NB | Floor Marking	Floor Tape	606	46	133.46	4	5300.51
northgate safety supply phone	Phrase match	NG | US | BR | Brand	Brand - Core	784	172	420.93	13	8394.37
best osha safety signs large	Phrase match	NG | US | NB | Safety Signage	OSHA Signs	810	73	507.64	2	1156.54
floor marking tape aluminum	Broad match	NG | US | NB | Floor Marking	Floor Tape	436	36	111.63	1	783.05
lockout tagout kits industrial	Broad match	NG | US | NB | Lockout Tagout	LOTO Kits	188	17	82.32	1	197.50
cheap seldon safety signs	Broad match	NG | US | NB | Safety Signage	Custom Signs	266	13	60.54	0	0.00
what color is an ammonia pipe label standard	Exact match	NG | US | NB | Pipe Markers	Ammonia + Chemical	1599	83	322.02	1	155.06
lockout padlocks outdoor	Broad match	NG | US | NB | Lockout Tagout	LOTO Padlocks	188	16	94.53	0	0.00
buy seldon lockout tagout price	Phrase match	NG | US | NB | Lockout Tagout	LOTO Kits	83	4	33.97	0	0.00
chemical pipe labels outdoor	Broad match	NG | US | NB | Pipe Markers	Ammonia + Chemical	1393	118	701.05	2	1676.27
how to label pipes in a plant explained	Exact match	NG | US | NB | Pipe Markers	Pipe Markers - Generic	1033	76	368.24	1	389.67
seldon safety signs review	Exact match	NG | US | NB | Safety Signage	Custom Signs	42	2	15.46	0	0.00
cheap northgate high school football phone number	Phrase match	NG | US | BR | Brand	Brand - Core	5727	30	32.59	0	0.00
safety sign meanings quiz images	Exact match	NG | US | NB | Safety Signage	Danger + Warning	674	20	75.56	0	0.00
where to buy osha pipe marking requirements chart	Broad match	NG | US | NB | Pipe Markers	Pipe Markers - Generic	1395	104	309.23	4	1251.73
best lockout tagout requirements osha standard	Broad match	NG | US | NB | Lockout Tagout	LOTO Kits	1542	58	277.78	0	0.00
buy safety sign meanings quiz youtube	Broad match	NG | US | NB | Safety Signage	Danger + Warning	1726	31	102.78	0	0.00
how to label pipes in a plant checklist	Broad match	NG | US | NB | Pipe Markers	Pipe Markers - Generic	1500	58	165.06	0	0.00
osha sign color requirements checklist	Phrase match	NG | US | NB | Safety Signage	OSHA Signs	1579	77	331.40	1	266.90
warehouse floor tape with logo	Exact match	NG | US | NB | Floor Marking	Floor Tape	1071	51	369.90	2	1329.89
floor marking tape for sale	Broad match	NG | US | NB | Floor Marking	Floor Tape	1267	115	370.54	2	1194.15
danger signs wholesale	Exact match	NG | US | NB | Safety Signage	Danger + Warning	226	21	101.75	1	169.65
safety sign clipart free	Exact match	NG | US | NB | Safety Signage	Custom Signs	1748	23	72.16	0	0.00
how wide should aisle marking be explained	Exact match	NG | US | NB | Floor Marking	Floor Tape	868	47	221.19	0	0.00
osha pipe marking requirements 2026	Phrase match	NG | US | NB | Pipe Markers	Pipe Markers - Generic	1162	84	394.87	3	4095.42
buy ammonia pipe markers same day	Exact match	NG | US | NB | Pipe Markers	Ammonia + Chemical	1356	92	356.96	2	955.35
how wide should aisle marking be checklist	Broad match	NG | US | NB | Floor Marking	Floor Tape	1016	65	301.81	1	270.11
where to buy custom safety signs industrial	Exact match	NG | US | NB | Safety Signage	Custom Signs	863	81	375.43	5	4958.02
ammonia pipe markers bulk	Exact match	NG | US | NB | Pipe Markers	Ammonia + Chemical	1117	88	524.37	1	831.28
floor marking tape bulk	Broad match	NG | US | NB | Floor Marking	Floor Tape	84	6	32.35	0	0.00
northgate apartments for rent open today	Exact match	NG | US | BR | Brand	Brand - Core	3579	29	31.82	0	0.00
pipe markers for sale	Phrase match	NG | US | NB | Pipe Markers	Pipe Markers - Generic	995	53	415.51	1	659.66
best northgate safety supply login	Exact match	NG | US | BR | Brand	Brand - Core	340	51	73.32	10	9366.92
seldon safety signs alternative	Exact match	NG | US | NB | Safety Signage	Custom Signs	261	10	112.02	0	0.00
lockout tagout requirements osha pdf	Phrase match	NG | US | NB | Lockout Tagout	LOTO Kits	946	50	123.18	0	0.00
northgate apartments for rent directions	Exact match	NG | US | BR | Brand	Brand - Core	3283	19	25.14	0	0.00
what color is an ammonia pipe label guide	Phrase match	NG | US | NB | Pipe Markers	Ammonia + Chemical	555	41	209.72	0	0.00
buy vantage pipe markers review	Broad match	NG | US | NB | Pipe Markers	Pipe Markers - Generic	366	17	160.92	0	0.00
cheap custom safety signs osha compliant	Broad match	NG | US | NB | Safety Signage	Custom Signs	454	34	116.22	0	0.00
cheap northgate station parking open today	Broad match	NG | US | BR | Brand	Brand - Core	4944	79	69.13	0	0.00
buy osha safety signs supplier	Phrase match	NG | US | NB | Safety Signage	OSHA Signs	769	51	389.10	3	973.24
pipe markers reflective	Phrase match	NG | US | NB | Pipe Markers	Pipe Markers - Generic	1097	57	428.79	3	1095.99
floor safety signs same day	Broad match	NG | US | NB | Floor Marking	Floor Signs	966	61	183.03	4	7407.02
best seldon lockout tagout	Phrase match	NG | US | NB | Lockout Tagout	LOTO Kits	608	27	271.36	0	0.00
northgate loto kit phone	Exact match	NG | US | BR | Brand	Brand - Products	796	183	420.55	18	11563.95
floor marking tape vinyl	Phrase match	NG | US | NB | Floor Marking	Floor Tape	1057	93	420.60	1	219.05
safety sign clipart reddit	Phrase match	NG | US | NB | Safety Signage	Custom Signs	1833	20	49.79	0	0.00
northgate station parking directions	Exact match	NG | US | BR | Brand	Brand - Core	1615	18	11.86	0	0.00
warning signs for workplace usa made	Exact match	NG | US | NB | Safety Signage	Danger + Warning	165	11	57.36	0	0.00
ansi pipe marking standard pdf	Phrase match	NG | US | NB | Pipe Markers	Pipe Markers - Generic	811	47	165.77	0	0.00
cheap northgate pipe markers catalog	Phrase match	NG | US | BR | Brand	Brand - Products	302	76	195.61	10	7585.59
northgate station parking open today	Broad match	NG | US | BR | Brand	Brand - Core	2655	46	59.33	0	0.00
custom safety signs waterproof	Exact match	NG | US | NB | Safety Signage	Custom Signs	60	4	16.82	0	0.00
floor safety signs wholesale	Exact match	NG | US | NB | Floor Marking	Floor Signs	1090	56	245.07	5	4360.33
best northgate safety phone	Exact match	NG | US | BR | Brand	Brand - Core	868	141	175.70	10	5980.98
northgate loto kit shipping	Exact match	NG | US | BR | Brand	Brand - Products	85	22	52.66	3	1282.46
safety officer salary free	Phrase match	NG | US | NB | Safety Signage	OSHA Signs	1920	25	85.71	0	0.00
cheap northgate shopping centre	Phrase match	NG | US | BR | Brand	Brand - Core	674	7	10.21	0	0.00
lockout padlocks wholesale	Phrase match	NG | US | NB | Lockout Tagout	LOTO Padlocks	148	12	86.82	1	686.54
how wide should aisle marking be pdf	Broad match	NG | US | NB | Floor Marking	Floor Tape	1514	98	502.56	0	0.00
buy northgate station parking	Exact match	NG | US | BR | Brand	Brand - Core	4056	17	11.13	0	0.00
cheap safety signs waterproof	Phrase match	NG | US | NB | Safety Signage	OSHA Signs	605	43	222.55	0	0.00
floor marking tape osha compliant	Broad match	NG | US | NB | Floor Marking	Floor Tape	494	43	226.07	1	2733.66
cheap how to label pipes in a plant standard	Broad match	NG | US | NB | Pipe Markers	Pipe Markers - Generic	1312	61	217.70	0	0.00
safety officer salary template	Exact match	NG | US | NB | Safety Signage	OSHA Signs	1429	25	51.71	0	0.00
chemical pipe labels heavy duty	Phrase match	NG | US | NB | Pipe Markers	Ammonia + Chemical	743	35	163.10	2	1133.00
where to buy vantage pipe markers	Exact match	NG | US | NB | Pipe Markers	Pipe Markers - Generic	303	8	66.02	0	0.00
lockout tagout requirements osha standard	Exact match	NG | US | NB | Lockout Tagout	LOTO Kits	926	52	172.96	3	4612.34
how to label pipes in a plant standard	Exact match	NG | US | NB | Pipe Markers	Pipe Markers - Generic	339	21	92.39	1	332.02
northgate pipe markers catalog	Exact match	NG | US | BR | Brand	Brand - Products	57	11	13.25	0	0.00
where to buy osha pipe marking requirements guide	Exact match	NG | US | NB | Pipe Markers	Pipe Markers - Generic	433	21	73.77	1	759.66
northgate safety supply shipping	Broad match	NG | US | BR | Brand	Brand - Core	795	192	469.14	16	8282.58
lockout padlocks pack of 50	Broad match	NG | US | NB | Lockout Tagout	LOTO Padlocks	1162	87	604.19	1	533.93
floor marking tape reflective	Phrase match	NG | US | NB | Floor Marking	Floor Tape	385	23	160.51	2	931.20
where to buy lockout tagout requirements osha explained	Phrase match	NG | US | NB | Lockout Tagout	LOTO Kits	1254	87	452.09	2	1164.39
northgate apartments for rent phone number	Phrase match	NG | US | BR | Brand	Brand - Core	4591	79	129.55	0	0.00
buy pipe markers vinyl	Exact match	NG | US | NB | Pipe Markers	Pipe Markers - Generic	1199	99	376.99	2	944.76
ammonia pipe markers osha compliant	Exact match	NG | US | NB | Pipe Markers	Ammonia + Chemical	747	40	293.70	0	0.00
cheap northgate apartments for rent directions	Exact match	NG | US | BR | Brand	Brand - Core	6070	42	50.28	0	0.00
ansi pipe marking standard checklist	Exact match	NG | US | NB | Pipe Markers	Pipe Markers - Generic	232	13	56.36	1	313.04
diy floor tape hack reddit	Broad match	NG | US | NB | Floor Marking	Floor Tape	1966	32	120.26	0	0.00
osha safety signs outdoor	Exact match	NG | US | NB | Safety Signage	OSHA Signs	1071	98	324.60	6	2173.91
cheap northgate mall hours directions	Phrase match	NG | US | BR | Brand	Brand - Core	6379	29	43.77	0	0.00
warning signs for workplace supplier	Exact match	NG | US | NB | Safety Signage	Danger + Warning	557	41	248.32	2	702.06
pipe marking labels near me	Phrase match	NG | US | NB | Pipe Markers	Pipe Markers - Generic	233	17	136.10	2	665.06
safety sign clipart images	Exact match	NG | US | NB | Safety Signage	Custom Signs	1931	45	71.18	0	0.00
vantage floor tape review	Exact match	NG | US | NB | Floor Marking	Floor Tape	245	11	121.00	0	0.00
do i need a lockout tagout program explained	Broad match	NG | US | NB | Lockout Tagout	LOTO Kits	1187	51	169.92	1	504.52
buy lockout tagout kits custom	Phrase match	NG | US | NB | Lockout Tagout	LOTO Kits	535	39	123.77	0	0.00
cheap northgate pipe markers shipping	Exact match	NG | US | BR | Brand	Brand - Products	707	115	165.02	22	13758.90
lockout tagout kits for sale	Broad match	NG | US | NB | Lockout Tagout	LOTO Kits	1031	95	636.14	6	4921.79
chemical pipe labels vinyl	Broad match	NG | US | NB | Pipe Markers	Ammonia + Chemical	1193	110	829.35	3	3009.92
diy floor tape hack images	Broad match	NG | US | NB | Floor Marking	Floor Tape	1683	45	137.62	0	0.00
floor marking tape supplier	Exact match	NG | US | NB | Floor Marking	Floor Tape	977	75	555.29	3	4646.88
warehouse floor tape osha compliant	Broad match	NG | US | NB | Floor Marking	Floor Tape	1251	95	645.13	5	4447.10
floor safety signs aluminum	Broad match	NG | US | NB | Floor Marking	Floor Signs	1138	59	246.34	1	806.86
floor safety signs industrial	Exact match	NG | US | NB | Floor Marking	Floor Signs	749	56	299.88	3	1952.59
lockout padlocks waterproof	Phrase match	NG | US | NB | Lockout Tagout	LOTO Padlocks	1039	69	544.19	6	3687.31
danger signs outdoor	Phrase match	NG | US | NB | Safety Signage	Danger + Warning	524	29	90.22	2	409.58
where to buy ansi pipe marking standard 2026	Phrase match	NG | US | NB | Pipe Markers	Pipe Markers - Generic	1451	83	290.58	0	0.00
what color is an ammonia pipe label chart	Exact match	NG | US | NB | Pipe Markers	Ammonia + Chemical	1252	84	245.85	0	0.00
best danger signs bulk	Broad match	NG | US | NB | Safety Signage	Danger + Warning	104	5	35.61	0	0.00
safety sign meanings quiz reddit	Phrase match	NG | US | NB | Safety Signage	Danger + Warning	783	22	52.26	0	0.00
ammonia pipe markers for sale	Exact match	NG | US | NB | Pipe Markers	Ammonia + Chemical	175	10	66.07	0	0.00
buy vantage pipe markers alternative	Exact match	NG | US | NB | Pipe Markers	Pipe Markers - Generic	415	16	113.57	1	677.39
floor safety signs reflective	Exact match	NG | US | NB | Floor Marking	Floor Signs	951	84	544.74	4	3320.55
osha inspector jobs template	Broad match	NG | US | NB | Safety Signage	OSHA Signs	145	3	5.28	0	0.00
cheap loto station heavy duty	Broad match	NG | US | NB | Lockout Tagout	LOTO Kits	113	7	36.40	0	0.00
northgate high school football directions	Phrase match	NG | US | BR | Brand	Brand - Core	5513	53	55.82	0	0.00
lockout padlocks reflective	Broad match	NG | US | NB | Lockout Tagout	LOTO Padlocks	971	64	226.29	1	802.13
where to buy northgate high school football	Broad match	NG | US | BR | Brand	Brand - Core	1584	17	26.42	0	0.00
ammonia pipe markers usa made	Exact match	NG | US | NB | Pipe Markers	Ammonia + Chemical	129	6	45.75	1	230.27
lockout padlocks usa made	Exact match	NG | US | NB | Lockout Tagout	LOTO Padlocks	246	22	126.30	1	278.62
custom safety signs bulk	Phrase match	NG | US | NB | Safety Signage	Custom Signs	80	7	50.95	0	0.00
pipe marking labels usa made	Exact match	NG | US | NB | Pipe Markers	Pipe Markers - Generic	1331	74	294.90	3	1884.15
floor safety signs supplier	Exact match	NG | US | NB | Floor Marking	Floor Signs	96	8	28.04	1	543.48
how wide should aisle marking be chart	Phrase match	NG | US | NB | Floor Marking	Floor Tape	1531	106	509.60	2	1240.11
where to buy danger signs with logo	Exact match	NG | US | NB | Safety Signage	Danger + Warning	235	13	83.87	0	0.00
northgate safety supply catalog coupon	Exact match	NG | US | BR | Brand	Brand - Products	688	118	163.74	17	11274.90
pipe marking labels outdoor	Exact match	NG | US | NB | Pipe Markers	Pipe Markers - Generic	548	29	235.61	0	0.00
danger signs supplier	Broad match	NG | US | NB | Safety Signage	Danger + Warning	1021	50	140.77	2	1179.13
vantage floor tape vs	Broad match	NG | US | NB | Floor Marking	Floor Tape	353	16	168.40	1	826.10
danger signs with logo	Exact match	NG | US | NB | Safety Signage	Danger + Warning	824	73	482.31	3	1762.15
osha safety signs custom	Broad match	NG | US | NB | Safety Signage	OSHA Signs	270	25	155.04	1	294.17
what color is an ammonia pipe label 2026	Exact match	NG | US | NB | Pipe Markers	Ammonia + Chemical	474	29	61.76	0	0.00
osha pipe marking requirements pdf	Phrase match	NG | US | NB | Pipe Markers	Pipe Markers - Generic	712	53	209.33	0	0.00
warehouse floor tape aluminum	Broad match	NG | US | NB | Floor Marking	Floor Tape	183	17	134.51	0	0.00
where to buy floor marking tape near me	Exact match	NG | US | NB | Floor Marking	Floor Tape	586	34	214.24	1	209.99
seldon lockout tagout review	Broad match	NG | US | NB | Lockout Tagout	LOTO Kits	490	21	248.44	0	0.00
buy floor safety signs heavy duty	Exact match	NG | US | NB | Floor Marking	Floor Signs	820	60	504.19	1	584.41
northgate mall hours open today	Exact match	NG | US | BR | Brand	Brand - Core	4326	45	76.02	0	0.00
warning signs for workplace osha compliant	Phrase match	NG | US | NB | Safety Signage	Danger + Warning	322	26	151.41	0	0.00
lockout tagout kits supplier	Broad match	NG | US | NB | Lockout Tagout	LOTO Kits	125	8	52.85	0	0.00
warning signs for workplace custom	Exact match	NG | US | NB | Safety Signage	Danger + Warning	357	27	178.80	1	219.96
pipe markers heavy duty	Broad match	NG | US | NB | Pipe Markers	Pipe Markers - Generic	542	37	247.28	0	0.00
where to buy seldon lockout tagout vs	Broad match	NG | US | NB | Lockout Tagout	LOTO Kits	114	6	37.99	0	0.00
custom safety signs osha compliant	Exact match	NG | US | NB | Safety Signage	Custom Signs	548	29	86.94	0	0.00
where to buy ansi pipe marking standard checklist	Exact match	NG | US | NB | Pipe Markers	Pipe Markers - Generic	1533	62	279.49	2	934.51
safety signs waterproof	Broad match	NG | US | NB | Safety Signage	OSHA Signs	517	43	175.80	2	876.08
northgate safety shipping	Phrase match	NG | US | BR | Brand	Brand - Core	80	17	42.42	1	523.83
where to buy seldon lockout tagout review	Broad match	NG | US | NB | Lockout Tagout	LOTO Kits	89	5	31.80	0	0.00
floor marking tape same day	Phrase match	NG | US | NB | Floor Marking	Floor Tape	810	54	157.20	5	3456.47
osha safety signs for sale	Broad match	NG | US | NB | Safety Signage	OSHA Signs	291	19	93.90	1	878.26
warning signs for workplace aluminum	Phrase match	NG | US | NB | Safety Signage	Danger + Warning	215	11	60.28	0	0.00
best vantage floor tape price	Phrase match	NG | US | NB | Floor Marking	Floor Tape	406	20	141.15	0	0.00
northgate safety coupon	Exact match	NG | US | BR | Brand	Brand - Core	177	28	70.59	4	2425.18
pipe marking labels vinyl	Phrase match	NG | US | NB | Pipe Markers	Pipe Markers - Generic	130	9	63.75	0	0.00
chemical pipe labels reflective	Exact match	NG | US | NB | Pipe Markers	Ammonia + Chemical	289	24	103.98	1	771.80
osha sign color requirements pdf	Broad match	NG | US | NB | Safety Signage	OSHA Signs	1592	107	319.62	0	0.00
lockout tagout kits large	Broad match	NG | US | NB | Lockout Tagout	LOTO Kits	553	32	259.00	3	1495.37
where to buy floor marking color standard	Broad match	NG | US | NB | Floor Marking	Floor Tape	796	44	127.30	0	0.00
buy ansi pipe marking standard chart	Broad match	NG | US | NB | Pipe Markers	Pipe Markers - Generic	658	31	156.14	0	0.00
where to buy vantage floor tape	Phrase match	NG | US | NB | Floor Marking	Floor Tape	659	18	105.04	0	0.00
loto station waterproof	Exact match	NG | US | NB | Lockout Tagout	LOTO Kits	242	15	106.35	0	0.00
buy northgate mall hours directions	Phrase match	NG | US | BR | Brand	Brand - Core	5162	64	39.76	0	0.00
northgate safety supply catalog phone	Exact match	NG | US | BR | Brand	Brand - Products	224	57	79.73	3	995.22
ammonia pipe markers vinyl	Exact match	NG | US | NB | Pipe Markers	Ammonia + Chemical	1333	76	227.08	2	1306.82
safety signs usa made	Exact match	NG | US | NB | Safety Signage	OSHA Signs	773	45	141.33	1	355.21
osha safety signs waterproof	Broad match	NG | US | NB | Safety Signage	OSHA Signs	786	64	419.04	3	1254.60
lockout tagout kits waterproof	Phrase match	NG | US | NB | Lockout Tagout	LOTO Kits	781	73	593.87	2	1157.31
cheap safety sign meanings quiz reddit	Broad match	NG | US | NB | Safety Signage	Danger + Warning	887	13	45.96	0	0.00
floor marking tape waterproof	Exact match	NG | US | NB | Floor Marking	Floor Tape	949	87	430.40	3	5214.82
lockout padlocks with logo	Exact match	NG | US | NB | Lockout Tagout	LOTO Padlocks	1239	61	337.85	4	2501.79
ammonia pipe markers custom	Phrase match	NG | US | NB | Pipe Markers	Ammonia + Chemical	1073	71	247.66	2	1624.36
safety signs near me	Exact match	NG | US | NB | Safety Signage	OSHA Signs	1253	109	798.98	0	0.00
osha safety signs near me	Phrase match	NG | US | NB | Safety Signage	OSHA Signs	1052	47	366.71	1	722.62
floor safety signs near me	Phrase match	NG | US | NB | Floor Marking	Floor Signs	577	54	289.60	2	1511.02
where to buy northgate safety supply catalog phone	Phrase match	NG | US | BR | Brand	Brand - Products	389	96	267.46	7	4127.37
buy lockout padlocks osha compliant	Exact match	NG | US | NB | Lockout Tagout	LOTO Padlocks	307	25	86.67	0	0.00
custom safety signs reflective	Broad match	NG | US | NB | Safety Signage	Custom Signs	1118	90	283.87	3	1518.72
buy northgate safety supply catalog phone	Broad match	NG | US | BR | Brand	Brand - Products	258	66	161.32	4	2704.22
where to buy what color is an ammonia pipe label checklist	Exact match	NG | US | NB | Pipe Markers	Ammonia + Chemical	679	46	157.20	1	202.50
where to buy osha sign color requirements explained	Broad match	NG | US | NB | Safety Signage	OSHA Signs	1212	90	364.11	1	566.78
buy northgate shopping centre map	Exact match	NG | US | BR | Brand	Brand - Core	4895	52	63.39	0	0.00
northgate pipe markers coupon	Broad match	NG | US | BR | Brand	Brand - Products	565	115	143.20	12	9068.50
chemical pipe labels aluminum	Broad match	NG | US | NB | Pipe Markers	Ammonia + Chemical	677	55	201.20	3	2777.48
pipe markers vinyl	Broad match	NG | US | NB | Pipe Markers	Pipe Markers - Generic	835	53	423.10	2	901.06
pipe markers pack of 50	Broad match	NG | US | NB | Pipe Markers	Pipe Markers - Generic	341	19	71.03	3	920.46
custom safety signs outdoor	Exact match	NG | US | NB | Safety Signage	Custom Signs	1212	89	360.22	4	4609.26
lockout tagout requirements osha chart	Exact match	NG | US | NB | Lockout Tagout	LOTO Kits	1146	60	118.04	1	1791.39
best northgate safety coupon	Broad match	NG | US | BR | Brand	Brand - Core	590	108	268.44	8	6257.94
best seldon lockout tagout vs	Exact match	NG | US | NB | Lockout Tagout	LOTO Kits	690	32	163.35	0	0.00
how to become a safety manager template	Broad match	NG | US | NB | Lockout Tagout	LOTO Kits	931	11	29.56	0	0.00
cheap ammonia pipe markers usa made	Phrase match	NG | US | NB | Pipe Markers	Ammonia + Chemical	1100	52	402.98	2	1314.52
buy custom safety signs outdoor	Phrase match	NG | US | NB | Safety Signage	Custom Signs	1243	68	352.11	3	6782.90
warning signs for workplace near me	Phrase match	NG | US | NB | Safety Signage	Danger + Warning	664	54	329.66	4	2326.87
osha sign color requirements guide	Exact match	NG | US | NB | Safety Signage	OSHA Signs	625	34	72.10	1	298.32
cheap warehouse floor tape osha compliant	Exact match	NG | US | NB | Floor Marking	Floor Tape	780	72	513.47	2	1201.84
pipe markers aluminum	Phrase match	NG | US | NB | Pipe Markers	Pipe Markers - Generic	441	22	130.71	1	4022.54
where to buy lockout padlocks industrial	Exact match	NG | US | NB | Lockout Tagout	LOTO Padlocks	528	40	197.05	2	4466.50
buy northgate high school football phone number	Exact match	NG | US | BR | Brand	Brand - Core	2144	11	9.12	0	0.00
lockout tagout requirements osha checklist	Exact match	NG | US | NB | Lockout Tagout	LOTO Kits	966	72	155.98	0	0.00
lockout padlocks custom	Exact match	NG | US | NB | Lockout Tagout	LOTO Padlocks	932	77	651.13	4	5854.09
chemical pipe labels usa made	Exact match	NG | US | NB | Pipe Markers	Ammonia + Chemical	490	34	229.83	1	751.30
ammonia pipe markers with logo	Broad match	NG | US | NB | Pipe Markers	Ammonia + Chemical	633	33	216.60	0	0.00
ansi pipe marking standard guide	Phrase match	NG | US | NB | Pipe Markers	Pipe Markers - Generic	1195	43	162.44	0	0.00
cheap northgate safety supply	Broad match	NG | US | BR | Brand	Brand - Core	72	12	30.66	1	324.70
best osha pipe marking requirements guide	Broad match	NG | US | NB | Pipe Markers	Pipe Markers - Generic	82	4	11.05	0	0.00
warning signs for workplace for sale	Phrase match	NG | US | NB | Safety Signage	Danger + Warning	72	5	25.36	1	625.88
safety officer salary reddit	Broad match	NG | US | NB | Safety Signage	OSHA Signs	1634	38	58.47	0	0.00
floor safety signs pack of 50	Broad match	NG | US | NB | Floor Marking	Floor Signs	168	15	83.09	0	0.00
buy floor safety signs bulk	Exact match	NG | US | NB | Floor Marking	Floor Signs	994	76	496.90	1	383.82
pipe marking labels wholesale	Broad match	NG | US | NB | Pipe Markers	Pipe Markers - Generic	1147	90	474.56	1	456.48
warehouse floor tape pack of 50	Phrase match	NG | US | NB | Floor Marking	Floor Tape	1233	100	505.12	4	3474.69
cheap osha pipe marking requirements chart	Broad match	NG | US | NB | Pipe Markers	Pipe Markers - Generic	226	13	26.48	0	0.00
safety sign meanings quiz template	Phrase match	NG | US | NB | Safety Signage	Danger + Warning	627	6	6.61	0	0.00
cheap northgate mall hours	Exact match	NG | US | BR | Brand	Brand - Core	721	3	1.79	0	0.00
osha safety signs wholesale	Exact match	NG | US | NB | Safety Signage	OSHA Signs	1386	111	725.51	4	3206.61
warning signs for workplace waterproof	Exact match	NG | US | NB | Safety Signage	Danger + Warning	631	54	342.06	3	648.04
pipe marking labels heavy duty	Phrase match	NG | US | NB | Pipe Markers	Pipe Markers - Generic	444	30	86.31	1	805.51
osha sign color requirements 2026	Phrase match	NG | US | NB | Safety Signage	OSHA Signs	1258	77	260.80	0	0.00
lockout tagout kits usa made	Exact match	NG | US | NB | Lockout Tagout	LOTO Kits	234	20	98.65	0	0.00
cheap northgate shopping centre open today	Phrase match	NG | US | BR | Brand	Brand - Core	1380	20	13.60	0	0.00
lockout padlocks heavy duty	Exact match	NG | US | NB | Lockout Tagout	LOTO Padlocks	232	19	117.37	1	373.51
lockout tagout kits heavy duty	Exact match	NG | US | NB | Lockout Tagout	LOTO Kits	308	16	55.66	0	0.00
best osha pipe marking requirements standard	Phrase match	NG | US | NB | Pipe Markers	Pipe Markers - Generic	157	6	13.14	1	799.27
warning signs for workplace with logo	Exact match	NG | US | NB | Safety Signage	Danger + Warning	602	38	245.18	1	473.77
ammonia pipe markers outdoor	Phrase match	NG | US | NB | Pipe Markers	Ammonia + Chemical	1324	72	541.29	6	2595.62
warehouse floor tape bulk	Broad match	NG | US | NB | Floor Marking	Floor Tape	980	61	358.97	2	1106.27
where to buy lockout tagout kits	Broad match	NG | US | NB | Lockout Tagout	LOTO Kits	1234	116	478.77	2	822.55
warehouse floor tape outdoor	Exact match	NG | US | NB | Floor Marking	Floor Tape	628	45	236.40	2	574.89
loto station supplier	Phrase match	NG | US | NB | Lockout Tagout	LOTO Kits	620	46	276.47	1	364.86
northgate shopping centre directions	Broad match	NG | US | BR | Brand	Brand - Core	5858	99	159.27	0	0.00
warehouse floor tape custom	Exact match	NG | US | NB | Floor Marking	Floor Tape	1209	73	600.05	0	0.00
floor safety signs large	Exact match	NG | US | NB | Floor Marking	Floor Signs	1003	68	518.31	4	2152.17
buy how to become a safety manager youtube	Phrase match	NG | US | NB | Lockout Tagout	LOTO Kits	374	11	39.92	0	0.00
lockout padlocks for sale	Exact match	NG | US | NB | Lockout Tagout	LOTO Padlocks	1311	78	526.64	4	6100.39
custom safety signs for sale	Phrase match	NG | US | NB | Safety Signage	Custom Signs	182	17	98.97	0	0.00
pipe marking labels custom	Broad match	NG | US | NB | Pipe Markers	Pipe Markers - Generic	74	5	14.35	1	463.71
pipe marking labels pack of 50	Phrase match	NG | US | NB | Pipe Markers	Pipe Markers - Generic	859	62	194.69	4	1497.04
best safety officer salary free	Phrase match	NG | US | NB | Safety Signage	OSHA Signs	665	8	23.71	0	0.00
do i need a lockout tagout program pdf	Exact match	NG | US | NB | Lockout Tagout	LOTO Kits	934	35	87.61	0	0.00
best northgate high school football map	Phrase match	NG | US | BR | Brand	Brand - Core	2053	22	11.98	0	0.00
vantage floor tape price	Broad match	NG | US | NB | Floor Marking	Floor Tape	463	23	236.82	0	0.00
osha safety signs usa made	Phrase match	NG | US | NB | Safety Signage	OSHA Signs	689	35	111.70	2	790.39
pipe marking labels supplier	Phrase match	NG | US | NB | Pipe Markers	Pipe Markers - Generic	776	49	305.32	0	0.00
loto station heavy duty	Broad match	NG | US | NB | Lockout Tagout	LOTO Kits	1041	71	260.02	1	182.66
cheap pipe marking labels same day	Exact match	NG | US | NB | Pipe Markers	Pipe Markers - Generic	304	22	114.92	2	1192.14
pipe markers osha compliant	Broad match	NG | US | NB | Pipe Markers	Pipe Markers - Generic	464	35	252.49	2	2504.03
buy northgate safety supply login	Exact match	NG | US | BR | Brand	Brand - Core	119	21	48.93	0	0.00
buy lockout padlocks supplier	Phrase match	NG | US | NB | Lockout Tagout	LOTO Padlocks	957	45	332.78	3	1065.25
best how to label pipes in a plant 2026	Exact match	NG | US | NB | Pipe Markers	Pipe Markers - Generic	1535	84	244.96	1	222.65
do i need a lockout tagout program 2026	Exact match	NG | US | NB | Lockout Tagout	LOTO Kits	1385	93	297.18	3	1334.52
buy ammonia pipe markers near me	Exact match	NG | US | NB | Pipe Markers	Ammonia + Chemical	457	30	187.67	0	0.00
cheap lockout tagout kits supplier	Exact match	NG | US | NB | Lockout Tagout	LOTO Kits	1348	123	814.55	2	952.12
free printable safety signs reddit	Broad match	NG | US | NB | Safety Signage	OSHA Signs	476	9	12.44	0	0.00
where to buy floor safety signs large	Broad match	NG | US | NB | Floor Marking	Floor Signs	626	56	200.81	0	0.00
safety officer salary youtube	Broad match	NG | US | NB | Safety Signage	OSHA Signs	2060	23	75.33	0	0.00
where to buy northgate high school football map	Broad match	NG | US | BR | Brand	Brand - Core	2861	16	10.26	0	0.00
cheap vantage pipe markers price	Exact match	NG | US | NB | Pipe Markers	Pipe Markers - Generic	412	16	127.89	0	0.00
buy loto station osha compliant	Broad match	NG | US | NB | Lockout Tagout	LOTO Kits	337	29	160.39	1	296.85
ansi pipe marking standard standard	Phrase match	NG | US | NB | Pipe Markers	Pipe Markers - Generic	1378	79	394.63	1	690.38
lockout tagout kits wholesale	Broad match	NG | US | NB | Lockout Tagout	LOTO Kits	652	48	324.40	1	267.51
where to buy northgate safety login	Exact match	NG | US | BR | Brand	Brand - Core	537	104	152.57	7	5380.17
where to buy loto station pack of 50	Phrase match	NG | US | NB | Lockout Tagout	LOTO Kits	106	10	65.79	0	0.00
floor marking tape industrial	Exact match	NG | US | NB | Floor Marking	Floor Tape	120	10	84.12	0	0.00
ammonia pipe markers heavy duty	Broad match	NG | US | NB | Pipe Markers	Ammonia + Chemical	646	43	349.41	2	1172.88
pipe markers supplier	Exact match	NG | US | NB | Pipe Markers	Pipe Markers - Generic	1388	121	435.90	5	2913.46
custom safety signs industrial	Broad match	NG | US | NB | Safety Signage	Custom Signs	202	16	130.65	1	723.59
do i need a lockout tagout program chart	Exact match	NG | US | NB | Lockout Tagout	LOTO Kits	1559	95	308.67	2	1029.13
lockout padlocks same day	Phrase match	NG | US | NB | Lockout Tagout	LOTO Padlocks	869	45	377.76	0	0.00
pipe marking labels industrial	Exact match	NG | US | NB | Pipe Markers	Pipe Markers - Generic	1113	62	265.70	4	1972.16
do i need a lockout tagout program standard	Phrase match	NG | US | NB | Lockout Tagout	LOTO Kits	740	51	171.82	1	258.68
best safety signs reflective	Broad match	NG | US | NB | Safety Signage	OSHA Signs	112	8	52.35	0	0.00
buy northgate safety	Exact match	NG | US | BR | Brand	Brand - Core	693	139	380.64	16	13643.52
danger signs custom	Exact match	NG | US | NB | Safety Signage	Danger + Warning	692	55	380.95	1	415.93
cheap seldon safety signs price	Phrase match	NG | US | NB | Safety Signage	Custom Signs	139	5	55.20	0	0.00
floor marking color standard pdf	Exact match	NG | US | NB | Floor Marking	Floor Tape	1597	64	233.96	0	0.00
ansi pipe marking standard 2026	Phrase match	NG | US | NB | Pipe Markers	Pipe Markers - Generic	1350	75	152.46	0	0.00
lockout tagout kits same day	Broad match	NG | US | NB | Lockout Tagout	LOTO Kits	699	33	200.17	2	912.58
do i need a lockout tagout program guide	Broad match	NG | US | NB | Lockout Tagout	LOTO Kits	667	37	114.82	0	0.00
warning signs for workplace outdoor	Exact match	NG | US | NB | Safety Signage	Danger + Warning	448	36	207.95	0	0.00
safety sign clipart youtube	Phrase match	NG | US | NB | Safety Signage	Custom Signs	939	8	11.99	1	815.27
where to buy custom safety signs near me	Exact match	NG | US | NB | Safety Signage	Custom Signs	1324	119	337.29	3	1777.97
where to buy northgate loto kit coupon	Exact match	NG | US | BR | Brand	Brand - Products	54	11	16.00	1	637.41
chemical pipe labels large	Phrase match	NG | US | NB | Pipe Markers	Ammonia + Chemical	1024	63	266.93	2	730.62
best chemical pipe labels waterproof	Phrase match	NG | US | NB | Pipe Markers	Ammonia + Chemical	1071	74	275.54	7	8471.01
ammonia pipe markers waterproof	Exact match	NG | US | NB | Pipe Markers	Ammonia + Chemical	1263	76	493.26	5	2436.41
where to buy safety signs free download pdf reddit	Exact match	NG | US | NB | Safety Signage	OSHA Signs	1294	14	38.60	0	0.00
cheap safety officer salary youtube	Exact match	NG | US | NB | Safety Signage	OSHA Signs	2180	26	55.29	0	0.00
best lockout padlocks	Broad match	NG | US | NB | Lockout Tagout	LOTO Padlocks	560	45	175.14	1	238.01
best osha inspector jobs reddit	Exact match	NG | US | NB | Safety Signage	OSHA Signs	2097	17	24.32	0	0.00
how to label pipes in a plant 2026	Broad match	NG | US | NB | Pipe Markers	Pipe Markers - Generic	932	45	154.53	0	0.00
osha safety signs bulk	Exact match	NG | US | NB | Safety Signage	OSHA Signs	962	50	396.03	5	5493.17
pipe marking labels aluminum	Exact match	NG | US | NB | Pipe Markers	Pipe Markers - Generic	1045	59	325.89	2	1214.02
ammonia pipe markers near me	Broad match	NG | US | NB | Pipe Markers	Ammonia + Chemical	995	45	327.16	1	359.22
best northgate loto kit catalog	Exact match	NG | US | BR | Brand	Brand - Products	895	200	192.63	28	26500.18
osha safety signs supplier	Broad match	NG | US | NB | Safety Signage	OSHA Signs	400	30	91.65	1	731.53
floor marking tape large	Broad match	NG | US | NB | Floor Marking	Floor Tape	168	8	28.43	1	455.75
warning signs for workplace large	Exact match	NG | US | NB | Safety Signage	Danger + Warning	711	38	196.91	2	1104.65
warehouse floor tape wholesale	Broad match	NG | US | NB | Floor Marking	Floor Tape	340	25	198.92	2	1202.45
osha safety signs industrial	Phrase match	NG | US | NB | Safety Signage	OSHA Signs	355	17	126.65	2	1342.87
osha safety signs large	Exact match	NG | US | NB | Safety Signage	OSHA Signs	180	12	100.72	0	0.00
danger signs for sale	Phrase match	NG | US | NB | Safety Signage	Danger + Warning	623	33	189.74	0	0.00
buy warehouse floor tape industrial	Exact match	NG | US | NB | Floor Marking	Floor Tape	807	56	433.24	5	4260.44
where to buy northgate mall hours phone number	Phrase match	NG | US | BR | Brand	Brand - Core	1513	11	7.83	0	0.00
lockout padlocks industrial	Broad match	NG | US | NB | Lockout Tagout	LOTO Padlocks	818	70	226.02	2	1000.49
best northgate safety supply shipping	Broad match	NG | US | BR | Brand	Brand - Core	651	121	301.76	11	6469.79
cheap danger signs bulk	Phrase match	NG | US | NB | Safety Signage	Danger + Warning	560	36	146.72	0	0.00
where to buy northgate safety supply catalog	Broad match	NG | US | BR | Brand	Brand - Core	797	112	125.42	8	4232.38
best what color is an ammonia pipe label 2026	Exact match	NG | US | NB | Pipe Markers	Ammonia + Chemical	1295	56	116.42	0	0.00
best safety sign meanings quiz	Broad match	NG | US | NB | Safety Signage	Danger + Warning	494	5	12.42	0	0.00
pipe markers same day	Exact match	NG | US | NB | Pipe Markers	Pipe Markers - Generic	1281	105	545.79	6	3586.20
where to buy warehouse floor tape usa made	Exact match	NG | US | NB | Floor Marking	Floor Tape	155	8	65.60	0	0.00
where to buy custom safety signs pack of 50	Broad match	NG | US | NB | Safety Signage	Custom Signs	942	54	300.26	2	505.20
safety signs bulk	Phrase match	NG | US | NB | Safety Signage	OSHA Signs	781	41	322.47	2	1506.26
chemical pipe labels with logo	Phrase match	NG | US | NB | Pipe Markers	Ammonia + Chemical	366	29	226.25	0	0.00
chemical pipe labels osha compliant	Exact match	NG | US | NB | Pipe Markers	Ammonia + Chemical	673	42	290.73	1	645.31
best northgate safety supply catalog login	Broad match	NG | US | BR | Brand	Brand - Products	472	78	170.51	10	7386.16
warning signs for workplace pack of 50	Exact match	NG | US | NB | Safety Signage	Danger + Warning	1292	90	479.76	6	2529.09
where to buy safety sign clipart reddit	Exact match	NG | US | NB | Safety Signage	Custom Signs	910	21	53.97	0	0.00
floor marking color standard checklist	Broad match	NG | US | NB | Floor Marking	Floor Tape	1344	92	401.99	2	647.94
floor marking tape with logo	Phrase match	NG | US | NB | Floor Marking	Floor Tape	581	50	163.75	0	0.00
ammonia pipe markers wholesale	Broad match	NG | US | NB | Pipe Markers	Ammonia + Chemical	771	50	341.16	2	996.38
lockout tagout kits reflective	Phrase match	NG | US | NB | Lockout Tagout	LOTO Kits	156	8	63.48	0	0.00
safety signs osha compliant	Phrase match	NG | US | NB | Safety Signage	OSHA Signs	692	34	119.51	2	809.74
buy ammonia pipe markers	Phrase match	NG | US | NB | Pipe Markers	Ammonia + Chemical	524	28	159.46	1	676.59
best northgate shopping centre	Broad match	NG | US | BR | Brand	Brand - Core	1741	11	8.78	0	0.00
osha pipe marking requirements checklist	Phrase match	NG | US | NB | Pipe Markers	Pipe Markers - Generic	1288	91	283.22	1	381.86
best custom safety signs for sale	Phrase match	NG | US | NB | Safety Signage	Custom Signs	1121	78	357.87	0	0.00
buy warehouse floor tape with logo	Broad match	NG | US | NB | Floor Marking	Floor Tape	1057	71	458.58	3	1299.01
custom safety signs custom	Exact match	NG | US | NB | Safety Signage	Custom Signs	77	6	30.70	0	0.00
custom safety signs vinyl	Broad match	NG | US | NB | Safety Signage	Custom Signs	309	18	139.42	0	0.00
best northgate apartments for rent map	Broad match	NG | US | BR | Brand	Brand - Core	1036	18	33.24	0	0.00
buy warning signs for workplace same day	Exact match	NG | US | NB | Safety Signage	Danger + Warning	1182	98	322.97	2	728.98
where to buy warning signs for workplace same day	Broad match	NG | US | NB | Safety Signage	Danger + Warning	644	53	253.90	0	0.00
where to buy northgate pipe markers phone	Phrase match	NG | US | BR | Brand	Brand - Products	465	104	248.17	9	4207.93
best vantage pipe markers vs	Broad match	NG | US | NB | Pipe Markers	Pipe Markers - Generic	444	17	88.39	1	337.87
osha safety signs heavy duty	Exact match	NG | US | NB | Safety Signage	OSHA Signs	1058	60	338.44	1	515.56
best free printable safety signs free	Phrase match	NG | US | NB | Safety Signage	OSHA Signs	447	10	28.08	0	0.00
chemical pipe labels waterproof	Exact match	NG | US | NB | Pipe Markers	Ammonia + Chemical	1103	57	312.86	3	5295.17
best northgate loto kit	Phrase match	NG | US | BR | Brand	Brand - Products	685	148	344.55	19	11653.06
where to buy ammonia pipe markers wholesale	Exact match	NG | US | NB | Pipe Markers	Ammonia + Chemical	156	13	59.81	0	0.00
lockout tagout kits custom	Broad match	NG | US | NB | Lockout Tagout	LOTO Kits	146	10	48.01	0	0.00
buy seldon safety signs alternative	Phrase match	NG | US | NB | Safety Signage	Custom Signs	314	9	72.27	0	0.00
how wide should aisle marking be 2026	Exact match	NG | US | NB | Floor Marking	Floor Tape	815	38	152.62	1	187.18
where to buy northgate safety supply catalog catalog	Broad match	NG | US | BR | Brand	Brand - Products	885	197	307.55	14	7150.09
loto station outdoor	Broad match	NG | US | NB | Lockout Tagout	LOTO Kits	1053	88	735.75	9	5308.17
northgate station parking map	Exact match	NG | US | BR | Brand	Brand - Core	684	7	7.71	0	0.00
where to buy pipe markers heavy duty	Exact match	NG | US | NB | Pipe Markers	Pipe Markers - Generic	1307	116	925.60	1	169.90
safety signs industrial	Broad match	NG | US | NB | Safety Signage	OSHA Signs	1247	97	459.88	5	1919.92
buy northgate safety supply	Exact match	NG | US | BR | Brand	Brand - Core	573	81	131.16	5	3368.39
osha safety signs pack of 50	Broad match	NG | US | NB | Safety Signage	OSHA Signs	409	36	266.23	4	2184.90
best vantage floor tape	Phrase match	NG | US | NB | Floor Marking	Floor Tape	109	3	31.83	0	0.00
danger signs osha compliant	Phrase match	NG | US | NB | Safety Signage	Danger + Warning	724	52	404.00	1	723.99
best northgate apartments for rent phone number	Phrase match	NG | US | BR | Brand	Brand - Core	5995	104	101.83	0	0.00
lockout tagout kits osha compliant	Phrase match	NG | US | NB | Lockout Tagout	LOTO Kits	735	67	192.36	2	1093.33
northgate safety supply catalog catalog	Broad match	NG | US | BR | Brand	Brand - Products	544	121	113.37	17	12925.83
where to buy custom safety signs vinyl	Phrase match	NG | US | NB | Safety Signage	Custom Signs	195	15	123.48	5	3237.22
floor safety signs for sale	Exact match	NG | US | NB | Floor Marking	Floor Signs	252	21	101.32	2	311.87
buy northgate safety shipping	Broad match	NG | US | BR | Brand	Brand - Core	520	118	119.63	20	16600.85
do i need a lockout tagout program checklist	Exact match	NG | US | NB | Lockout Tagout	LOTO Kits	1404	63	232.45	0	0.00
cheap northgate station parking map	Exact match	NG | US | BR | Brand	Brand - Core	1624	27	22.26	0	0.00
what color is an ammonia pipe label checklist	Exact match	NG | US | NB | Pipe Markers	Ammonia + Chemical	1538	106	415.34	3	1448.19
osha safety signs with logo	Exact match	NG | US | NB | Safety Signage	OSHA Signs	366	26	101.56	1	220.78
floor safety signs usa made	Phrase match	NG | US | NB | Floor Marking	Floor Signs	574	26	213.41	4	2373.15
danger signs heavy duty	Broad match	NG | US | NB | Safety Signage	Danger + Warning	815	45	218.82	3	4744.82
where to buy pipe markers waterproof	Exact match	NG | US | NB | Pipe Markers	Pipe Markers - Generic	372	21	132.84	0	0.00
where to buy floor marking tape bulk	Phrase match	NG | US | NB | Floor Marking	Floor Tape	711	59	400.81	0	0.00
where to buy northgate safety supply	Phrase match	NG | US | BR | Brand	Brand - Core	83	14	23.31	1	592.71
buy osha inspector jobs free	Exact match	NG | US | NB | Safety Signage	OSHA Signs	1515	12	17.65	0	0.00
buy custom safety signs near me	Broad match	NG | US | NB | Safety Signage	Custom Signs	253	24	139.06	0	0.00
best warehouse floor tape near me	Exact match	NG | US | NB | Floor Marking	Floor Tape	714	51	279.52	4	2157.93
custom safety signs large	Exact match	NG | US | NB | Safety Signage	Custom Signs	1022	77	395.00	4	1851.66
cheap osha safety signs osha compliant	Broad match	NG | US | NB | Safety Signage	OSHA Signs	779	49	142.29	1	183.44
buy floor safety signs outdoor	Phrase match	NG | US | NB | Floor Marking	Floor Signs	1326	120	385.71	2	1106.22
best danger signs pack of 50	Phrase match	NG | US | NB | Safety Signage	Danger + Warning	1399	116	409.30	5	2693.58
buy northgate apartments for rent directions	Exact match	NG | US | BR | Brand	Brand - Core	1470	7	7.23	0	0.00
best pipe marking labels industrial	Exact match	NG | US | NB | Pipe Markers	Pipe Markers - Generic	1231	74	337.63	2	855.44
buy seldon lockout tagout review	Broad match	NG | US | NB | Lockout Tagout	LOTO Kits	641	34	262.50	1	600.03
where to buy safety officer salary youtube	Phrase match	NG | US | NB | Safety Signage	OSHA Signs	2010	17	62.07	0	0.00
safety signs large	Phrase match	NG | US | NB | Safety Signage	OSHA Signs	873	69	344.04	1	711.68
loto station same day	Broad match	NG | US | NB | Lockout Tagout	LOTO Kits	129	10	41.47	1	548.26
where to buy northgate safety supply shipping	Broad match	NG | US | BR | Brand	Brand - Core	665	168	405.91	16	11648.80
buy lockout tagout requirements osha standard	Broad match	NG | US | NB | Lockout Tagout	LOTO Kits	278	17	84.60	1	804.25
floor safety signs custom	Phrase match	NG | US | NB | Floor Marking	Floor Signs	789	67	493.05	3	2373.62
northgate loto kit coupon	Exact match	NG | US | BR | Brand	Brand - Products	353	60	147.86	6	6699.89
buy northgate mall hours open today	Exact match	NG | US | BR | Brand	Brand - Core	3585	29	20.39	0	0.00
buy osha safety signs same day	Phrase match	NG | US | NB | Safety Signage	OSHA Signs	382	24	150.71	0	0.00
where to buy lockout tagout kits for sale	Broad match	NG | US | NB | Lockout Tagout	LOTO Kits	208	11	50.46	1	468.53
floor safety signs vinyl	Exact match	NG | US | NB | Floor Marking	Floor Signs	797	54	326.92	2	3891.12
buy seldon safety signs review	Phrase match	NG | US | NB | Safety Signage	Custom Signs	668	17	99.28	0	0.00
best seldon safety signs alternative	Broad match	NG | US | NB | Safety Signage	Custom Signs	499	26	267.36	0	0.00
ammonia pipe markers supplier	Exact match	NG | US | NB | Pipe Markers	Ammonia + Chemical	450	31	155.36	3	1596.89
best vantage floor tape review	Phrase match	NG | US | NB | Floor Marking	Floor Tape	40	2	22.76	0	0.00
cheap vantage floor tape price	Exact match	NG | US | NB | Floor Marking	Floor Tape	161	6	68.17	1	749.57
where to buy floor marking color standard guide	Broad match	NG | US | NB | Floor Marking	Floor Tape	771	35	126.25	0	0.00
buy pipe markers pack of 50	Phrase match	NG | US | NB | Pipe Markers	Pipe Markers - Generic	146	11	48.11	1	737.97
pipe markers wholesale	Broad match	NG | US | NB | Pipe Markers	Pipe Markers - Generic	894	78	644.02	1	590.55
buy northgate safety supply catalog	Broad match	NG | US | BR | Brand	Brand - Products	64	10	27.85	1	594.87
where to buy northgate safety supply catalog shipping	Exact match	NG | US | BR | Brand	Brand - Products	341	65	145.00	9	6721.42
chemical pipe labels near me	Broad match	NG | US | NB | Pipe Markers	Ammonia + Chemical	171	13	46.14	0	0.00
best seldon lockout tagout review	Exact match	NG | US | NB | Lockout Tagout	LOTO Kits	521	23	201.56	0	0.00
buy how to label pipes in a plant explained	Broad match	NG | US | NB | Pipe Markers	Pipe Markers - Generic	245	17	35.96	0	0.00
best safety signs free download pdf	Broad match	NG | US | NB | Safety Signage	OSHA Signs	965	26	39.88	0	0.00
cheap floor marking tape	Phrase match	NG | US | NB | Floor Marking	Floor Tape	723	38	260.64	0	0.00
safety signs vinyl	Exact match	NG | US | NB | Safety Signage	OSHA Signs	69	5	19.65	0	0.00
best safety officer salary images	Broad match	NG | US | NB | Safety Signage	OSHA Signs	1162	17	37.51	0	0.00
best pipe marking labels usa made	Broad match	NG | US | NB | Pipe Markers	Pipe Markers - Generic	1047	91	769.65	1	305.83
where to buy seldon safety signs alternative	Broad match	NG | US | NB | Safety Signage	Custom Signs	695	28	332.63	0	0.00
pipe markers custom	Broad match	NG | US | NB | Pipe Markers	Pipe Markers - Generic	155	11	50.56	2	775.81
osha safety signs osha compliant	Broad match	NG | US | NB | Safety Signage	OSHA Signs	241	23	70.02	1	324.86
cheap northgate loto kit login	Phrase match	NG | US | BR | Brand	Brand - Products	554	107	174.98	4	2176.55
best northgate safety supply catalog coupon	Exact match	NG | US | BR | Brand	Brand - Products	574	86	107.94	8	4881.08
buy floor marking tape wholesale	Exact match	NG | US | NB | Floor Marking	Floor Tape	1213	65	417.67	3	2848.70
buy how to become a safety manager images	Broad match	NG | US | NB | Lockout Tagout	LOTO Kits	1012	14	31.29	0	0.00
chemical pipe labels industrial	Phrase match	NG | US | NB | Pipe Markers	Ammonia + Chemical	637	37	214.81	2	1142.97
osha pipe marking requirements explained	Phrase match	NG | US | NB | Pipe Markers	Pipe Markers - Generic	1147	70	298.41	1	323.12
pipe marking labels for sale	Broad match	NG | US | NB | Pipe Markers	Pipe Markers - Generic	904	72	369.66	2	2977.74
where to buy osha inspector jobs youtube	Phrase match	NG | US | NB | Safety Signage	OSHA Signs	1136	13	14.88	0	0.00
buy diy floor tape hack youtube	Broad match	NG | US | NB | Floor Marking	Floor Tape	755	20	35.37	0	0.00
pipe marking labels bulk	Phrase match	NG | US | NB | Pipe Markers	Pipe Markers - Generic	464	22	64.93	0	0.00
where to buy northgate station parking phone number	Broad match	NG | US | BR | Brand	Brand - Core	5056	22	41.66	0	0.00
danger signs vinyl	Phrase match	NG | US | NB | Safety Signage	Danger + Warning	166	12	94.22	0	0.00
best osha inspector jobs youtube	Exact match	NG | US | NB | Safety Signage	OSHA Signs	357	10	14.83	0	0.00
how to label pipes in a plant pdf	Broad match	NG | US | NB | Pipe Markers	Pipe Markers - Generic	906	50	256.27	1	557.44
cheap safety signs free download pdf images	Broad match	NG | US | NB | Safety Signage	OSHA Signs	2187	28	103.34	0	0.00
osha safety signs same day	Exact match	NG | US | NB | Safety Signage	OSHA Signs	1156	102	787.09	4	2259.27
buy safety signs usa made	Exact match	NG | US | NB | Safety Signage	OSHA Signs	916	60	477.91	1	2899.51
where to buy do i need a lockout tagout program guide	Exact match	NG | US | NB | Lockout Tagout	LOTO Kits	462	22	46.86	0	0.00
best safety signs heavy duty	Broad match	NG | US | NB | Safety Signage	OSHA Signs	1302	77	460.75	5	2635.46
chemical pipe labels bulk	Broad match	NG | US | NB | Pipe Markers	Ammonia + Chemical	555	29	122.81	5	2801.21
danger signs same day	Phrase match	NG | US | NB | Safety Signage	Danger + Warning	986	83	703.04	5	3177.99
custom safety signs aluminum	Broad match	NG | US | NB | Safety Signage	Custom Signs	1226	91	697.15	3	2297.06
where to buy northgate loto kit login	Exact match	NG | US | BR | Brand	Brand - Products	235	50	58.22	9	4573.14
cheap safety sign clipart reddit	Exact match	NG | US | NB | Safety Signage	Custom Signs	1253	26	79.82	0	0.00
buy safety signs large	Phrase match	NG | US | NB | Safety Signage	OSHA Signs	183	12	90.88	1	211.92
where to buy safety officer salary template	Exact match	NG | US | NB | Safety Signage	OSHA Signs	1294	21	56.96	0	0.00
pipe marking labels large	Phrase match	NG | US | NB | Pipe Markers	Pipe Markers - Generic	887	80	620.85	4	2182.15
loto station usa made	Broad match	NG | US | NB | Lockout Tagout	LOTO Kits	610	35	181.72	1	621.49
best diy floor tape hack template	Exact match	NG | US | NB | Floor Marking	Floor Tape	1635	20	74.28	0	0.00
where to buy diy floor tape hack	Exact match	NG | US | NB | Floor Marking	Floor Tape	1622	33	74.27	0	0.00
where to buy pipe markers vinyl	Phrase match	NG | US | NB | Pipe Markers	Pipe Markers - Generic	1162	84	483.80	1	653.50
where to buy floor safety signs pack of 50	Phrase match	NG | US | NB | Floor Marking	Floor Signs	442	21	119.33	1	265.17
cheap lockout padlocks vinyl	Broad match	NG | US | NB | Lockout Tagout	LOTO Padlocks	1069	63	413.72	3	1549.00
where to buy pipe markers outdoor	Exact match	NG | US | NB | Pipe Markers	Pipe Markers - Generic	681	50	185.26	1	827.92
buy osha inspector jobs template	Broad match	NG | US | NB | Safety Signage	OSHA Signs	2115	39	74.84	0	0.00
where to buy seldon safety signs	Broad match	NG | US | NB | Safety Signage	Custom Signs	329	8	95.32	0	0.00
best safety signs custom	Phrase match	NG | US | NB | Safety Signage	OSHA Signs	759	37	175.42	0	0.00
safety signs with logo	Broad match	NG | US | NB | Safety Signage	OSHA Signs	361	27	153.27	1	863.47
where to buy safety sign meanings quiz reddit	Phrase match	NG | US | NB | Safety Signage	Danger + Warning	649	18	24.81	0	0.00
buy custom safety signs pack of 50	Phrase match	NG | US | NB | Safety Signage	Custom Signs	1033	64	222.50	2	2138.63
where to buy chemical pipe labels with logo	Exact match	NG | US | NB | Pipe Markers	Ammonia + Chemical	909	66	216.55	6	3317.34
best pipe markers with logo	Phrase match	NG | US | NB | Pipe Markers	Pipe Markers - Generic	1351	97	475.15	6	3110.70
buy floor marking tape same day	Phrase match	NG | US | NB | Floor Marking	Floor Tape	990	90	556.65	4	3937.71
buy northgate high school football open today	Phrase match	NG | US | BR | Brand	Brand - Core	2058	36	33.62	0	0.00
loto station large	Phrase match	NG | US | NB | Lockout Tagout	LOTO Kits	845	44	339.59	2	2903.99
where to buy northgate apartments for rent phone number	Exact match	NG | US | BR | Brand	Brand - Core	4016	30	21.51	0	0.00
buy do i need a lockout tagout program	Exact match	NG | US | NB | Lockout Tagout	LOTO Kits	961	46	173.54	0	0.00
buy vantage pipe markers price	Exact match	NG | US | NB | Pipe Markers	Pipe Markers - Generic	683	30	150.30	2	1416.62
pipe markers industrial	Phrase match	NG | US | NB | Pipe Markers	Pipe Markers - Generic	1060	97	794.78	2	2735.35
cheap seldon lockout tagout vs	Exact match	NG | US | NB | Lockout Tagout	LOTO Kits	142	6	68.55	0	0.00
where to buy northgate shopping centre directions	Broad match	NG | US | BR | Brand	Brand - Core	3458	34	30.33	0	0.00
custom safety signs supplier	Phrase match	NG | US | NB | Safety Signage	Custom Signs	893	48	337.16	3	1333.15
buy osha pipe marking requirements pdf	Broad match	NG | US | NB | Pipe Markers	Pipe Markers - Generic	455	18	84.59	0	0.00
best osha sign color requirements guide	Broad match	NG | US | NB | Safety Signage	OSHA Signs	580	27	75.86	0	0.00
pipe markers usa made	Broad match	NG | US | NB | Pipe Markers	Pipe Markers - Generic	1059	88	389.98	4	4897.01
buy northgate station parking directions	Exact match	NG | US | BR | Brand	Brand - Core	4272	42	34.82	0	0.00
warehouse floor tape vinyl	Phrase match	NG | US | NB | Floor Marking	Floor Tape	67	3	19.45	0	0.00
where to buy lockout tagout kits aluminum	Phrase match	NG | US | NB | Lockout Tagout	LOTO Kits	522	24	88.08	0	0.00
buy what color is an ammonia pipe label explained	Broad match	NG | US | NB | Pipe Markers	Ammonia + Chemical	1471	100	445.35	2	1509.19
best northgate safety login	Phrase match	NG | US | BR | Brand	Brand - Core	700	165	159.48	20	21439.57
where to buy lockout padlocks reflective	Exact match	NG | US | NB | Lockout Tagout	LOTO Padlocks	1108	71	244.99	3	3723.83
buy custom safety signs usa made	Exact match	NG | US | NB | Safety Signage	Custom Signs	640	56	267.84	1	390.92
best safety sign clipart images	Exact match	NG | US | NB | Safety Signage	Custom Signs	2105	36	59.28	0	0.00
buy lockout tagout kits supplier	Exact match	NG | US | NB | Lockout Tagout	LOTO Kits	776	58	264.32	2	476.84
where to buy safety sign clipart	Exact match	NG | US | NB | Safety Signage	Custom Signs	492	8	26.72	0	0.00
lockout tagout kits aluminum	Phrase match	NG | US | NB | Lockout Tagout	LOTO Kits	940	65	191.72	3	1915.88
cheap northgate mall hours open today	Broad match	NG | US | BR | Brand	Brand - Core	6194	64	38.51	0	0.00
cheap how wide should aisle marking be explained	Broad match	NG | US | NB | Floor Marking	Floor Tape	479	20	103.33	0	0.00
best lockout padlocks bulk	Broad match	NG | US | NB | Lockout Tagout	LOTO Padlocks	1247	99	614.59	3	1250.07
best lockout padlocks osha compliant	Broad match	NG | US | NB | Lockout Tagout	LOTO Padlocks	1015	46	299.56	2	684.50
best northgate high school football	Broad match	NG | US | BR | Brand	Brand - Core	1920	34	58.10	0	0.00
buy chemical pipe labels vinyl	Broad match	NG | US | NB | Pipe Markers	Ammonia + Chemical	1078	52	187.68	2	826.32
cheap vantage floor tape alternative	Phrase match	NG | US | NB | Floor Marking	Floor Tape	517	14	121.21	0	0.00
best safety signs outdoor	Broad match	NG | US | NB | Safety Signage	OSHA Signs	262	20	89.90	0	0.00
cheap safety officer salary	Broad match	NG | US | NB | Safety Signage	OSHA Signs	100	1	1.16	0	0.00
buy pipe marking labels industrial	Broad match	NG | US | NB | Pipe Markers	Pipe Markers - Generic	604	51	167.77	0	0.00
best custom safety signs industrial	Broad match	NG | US | NB | Safety Signage	Custom Signs	1213	79	312.29	5	2567.93
where to buy northgate safety coupon	Phrase match	NG | US | BR | Brand	Brand - Core	865	165	283.68	15	15575.08
cheap diy floor tape hack	Phrase match	NG | US | NB | Floor Marking	Floor Tape	708	10	29.41	0	0.00
cheap lockout tagout kits osha compliant	Phrase match	NG | US | NB | Lockout Tagout	LOTO Kits	1208	63	283.87	0	0.00
best warehouse floor tape aluminum	Exact match	NG | US | NB | Floor Marking	Floor Tape	669	51	178.23	2	1577.08
chemical pipe labels wholesale	Phrase match	NG | US | NB | Pipe Markers	Ammonia + Chemical	824	53	309.22	1	571.56
where to buy osha inspector jobs reddit	Broad match	NG | US | NB | Safety Signage	OSHA Signs	1479	39	51.53	0	0.00
buy warehouse floor tape vinyl	Exact match	NG | US | NB | Floor Marking	Floor Tape	871	40	179.60	1	647.31
cheap how to become a safety manager template	Exact match	NG | US | NB | Lockout Tagout	LOTO Kits	660	16	34.75	0	0.00
best northgate mall hours map	Phrase match	NG | US | BR | Brand	Brand - Core	5322	30	25.26	0	0.00
buy northgate high school football directions	Broad match	NG | US | BR | Brand	Brand - Core	5012	82	95.24	0	0.00
ammonia pipe markers pack of 50	Phrase match	NG | US | NB | Pipe Markers	Ammonia + Chemical	1360	82	681.20	3	1683.54
best danger signs vinyl	Exact match	NG | US | NB | Safety Signage	Danger + Warning	1030	81	640.55	2	1382.19
custom safety signs heavy duty	Broad match	NG | US | NB | Safety Signage	Custom Signs	825	51	348.68	0	0.00
where to buy lockout tagout kits industrial	Exact match	NG | US | NB | Lockout Tagout	LOTO Kits	1222	66	511.71	3	1313.05
cheap vantage floor tape vs	Phrase match	NG | US | NB | Floor Marking	Floor Tape	596	28	295.04	0	0.00
osha sign color requirements chart	Broad match	NG | US | NB | Safety Signage	OSHA Signs	1134	60	280.71	0	0.00
cheap floor safety signs custom	Phrase match	NG | US | NB | Floor Marking	Floor Signs	119	10	68.59	0	0.00
best ammonia pipe markers custom	Phrase match	NG | US | NB | Pipe Markers	Ammonia + Chemical	1356	113	894.15	8	3652.27
best how to label pipes in a plant guide	Phrase match	NG | US | NB | Pipe Markers	Pipe Markers - Generic	1321	81	378.17	1	486.19
loto station industrial	Exact match	NG | US | NB | Lockout Tagout	LOTO Kits	1007	95	572.18	4	1615.30
buy floor marking tape supplier	Phrase match	NG | US | NB | Floor Marking	Floor Tape	1002	86	360.72	4	6779.09
buy floor safety signs usa made	Broad match	NG | US | NB | Floor Marking	Floor Signs	1357	125	471.35	6	2738.00
buy free printable safety signs youtube	Phrase match	NG | US | NB | Safety Signage	OSHA Signs	140	2	3.07	0	0.00
buy chemical pipe labels pack of 50	Broad match	NG | US | NB | Pipe Markers	Ammonia + Chemical	1075	55	360.34	0	0.00
buy loto station near me	Broad match	NG | US | NB | Lockout Tagout	LOTO Kits	1067	76	366.92	1	789.53
buy danger signs vinyl	Exact match	NG | US | NB | Safety Signage	Danger + Warning	743	63	488.77	1	585.62
buy lockout padlocks with logo	Broad match	NG | US | NB | Lockout Tagout	LOTO Padlocks	359	24	118.30	1	766.39
best vantage pipe markers alternative	Broad match	NG | US | NB | Pipe Markers	Pipe Markers - Generic	390	20	182.05	0	0.00
lockout padlocks supplier	Phrase match	NG | US | NB | Lockout Tagout	LOTO Padlocks	447	27	212.71	4	4976.40
where to buy seldon safety signs price	Phrase match	NG | US | NB | Safety Signage	Custom Signs	459	20	127.19	1	455.62
best northgate loto kit coupon	Exact match	NG | US | BR | Brand	Brand - Products	647	164	152.15	7	4341.92
buy northgate safety supply catalog catalog	Broad match	NG | US | BR | Brand	Brand - Products	797	145	290.70	8	5070.90
buy custom safety signs aluminum	Broad match	NG | US | NB | Safety Signage	Custom Signs	566	32	163.54	2	1001.96
lockout tagout requirements osha explained	Broad match	NG | US | NB | Lockout Tagout	LOTO Kits	1172	45	209.16	1	755.17
loto station for sale	Broad match	NG | US | NB | Lockout Tagout	LOTO Kits	699	61	488.54	1	737.63
where to buy pipe marking labels outdoor	Exact match	NG | US | NB | Pipe Markers	Pipe Markers - Generic	1128	72	362.25	1	861.35
best northgate mall hours directions	Broad match	NG | US | BR | Brand	Brand - Core	3572	63	97.64	0	0.00
northgate safety supply catalog login	Broad match	NG | US | BR | Brand	Brand - Products	540	80	98.98	12	12237.15
lockout tagout requirements osha 2026	Broad match	NG | US | NB | Lockout Tagout	LOTO Kits	1127	63	259.24	1	794.20
cheap loto station pack of 50	Broad match	NG | US | NB | Lockout Tagout	LOTO Kits	956	66	504.15	3	1759.65
where to buy northgate pipe markers login	Phrase match	NG | US | BR | Brand	Brand - Products	282	69	105.95	3	729.56
buy northgate safety supply catalog login	Phrase match	NG | US | BR | Brand	Brand - Products	232	57	134.13	10	5736.32
best northgate apartments for rent open today	Exact match	NG | US | BR | Brand	Brand - Core	431	3	1.46	0	0.00
safety signs for sale	Broad match	NG | US | NB | Safety Signage	OSHA Signs	273	25	195.69	2	486.61
buy northgate shopping centre open today	Broad match	NG | US | BR | Brand	Brand - Core	5166	29	45.86	0	0.00
where to buy lockout padlocks with logo	Broad match	NG | US | NB | Lockout Tagout	LOTO Padlocks	1271	113	510.90	7	2721.60
where to buy osha inspector jobs	Broad match	NG | US | NB | Safety Signage	OSHA Signs	783	16	35.49	0	0.00
where to buy northgate station parking map	Phrase match	NG | US | BR | Brand	Brand - Core	4715	73	87.67	0	0.00
cheap safety signs free download pdf reddit	Phrase match	NG | US | NB | Safety Signage	OSHA Signs	1304	31	110.90	0	0.00
lockout padlocks vinyl	Exact match	NG | US | NB | Lockout Tagout	LOTO Padlocks	1286	92	734.77	5	4656.49
best pipe marking labels heavy duty	Broad match	NG | US | NB | Pipe Markers	Pipe Markers - Generic	615	50	253.63	4	2124.19
best how to become a safety manager free	Phrase match	NG | US | NB | Lockout Tagout	LOTO Kits	2069	36	107.34	0	0.00
where to buy lockout padlocks supplier	Phrase match	NG | US | NB | Lockout Tagout	LOTO Padlocks	1111	73	574.71	0	0.00
buy lockout tagout requirements osha guide	Broad match	NG | US | NB | Lockout Tagout	LOTO Kits	1193	53	154.83	3	1283.86
best northgate safety supply phone	Broad match	NG | US | BR | Brand	Brand - Core	694	177	453.95	11	6222.46
loto station reflective	Phrase match	NG | US | NB | Lockout Tagout	LOTO Kits	272	17	89.81	0	0.00
where to buy safety sign clipart template	Broad match	NG | US | NB | Safety Signage	Custom Signs	348	10	9.84	0	0.00
cheap northgate pipe markers login	Phrase match	NG | US | BR | Brand	Brand - Products	557	112	280.94	14	9914.07
where to buy vantage floor tape review	Exact match	NG | US | NB | Floor Marking	Floor Tape	316	15	121.67	0	0.00
best northgate safety catalog	Phrase match	NG | US | BR | Brand	Brand - Core	616	131	264.11	23	18334.58
pipe marking labels osha compliant	Exact match	NG | US | NB | Pipe Markers	Pipe Markers - Generic	405	19	155.19	0	0.00
buy seldon lockout tagout alternative	Phrase match	NG | US | NB | Lockout Tagout	LOTO Kits	265	9	48.10	0	0.00
buy safety signs pack of 50	Phrase match	NG | US | NB | Safety Signage	OSHA Signs	64	6	39.59	1	614.21
where to buy lockout padlocks usa made	Broad match	NG | US | NB | Lockout Tagout	LOTO Padlocks	545	26	107.77	1	727.55
buy safety sign clipart free	Broad match	NG | US | NB | Safety Signage	Custom Signs	552	16	48.83	0	0.00
where to buy warning signs for workplace pack of 50	Broad match	NG | US | NB | Safety Signage	Danger + Warning	887	43	123.58	2	810.27
safety signs heavy duty	Broad match	NG | US | NB | Safety Signage	OSHA Signs	554	28	149.12	1	226.58
where to buy lockout tagout kits custom	Phrase match	NG | US | NB | Lockout Tagout	LOTO Kits	1103	50	186.93	2	639.09
where to buy floor safety signs vinyl	Broad match	NG | US | NB | Floor Marking	Floor Signs	1043	98	669.94	4	2151.05
cheap safety sign clipart	Exact match	NG | US | NB | Safety Signage	Custom Signs	209	4	9.35	0	0.00
buy ammonia pipe markers heavy duty	Phrase match	NG | US | NB | Pipe Markers	Ammonia + Chemical	225	20	78.15	0	0.00
floor safety signs waterproof	Exact match	NG | US | NB | Floor Marking	Floor Signs	1002	59	447.09	1	311.74
best northgate station parking map	Phrase match	NG | US | BR | Brand	Brand - Core	4038	26	15.42	0	0.00
cheap safety signs free download pdf template	Phrase match	NG | US | NB | Safety Signage	OSHA Signs	1136	17	53.22	1	635.23
danger signs usa made	Broad match	NG | US | NB | Safety Signage	Danger + Warning	219	14	96.71	1	271.55
what color is an ammonia pipe label explained	Exact match	NG | US | NB | Pipe Markers	Ammonia + Chemical	1084	65	309.69	2	1110.05
buy warehouse floor tape aluminum	Phrase match	NG | US | NB | Floor Marking	Floor Tape	191	12	99.67	1	862.45
cheap northgate loto kit catalog	Broad match	NG | US | BR | Brand	Brand - Products	115	20	18.87	2	973.39
where to buy vantage pipe markers review	Broad match	NG | US | NB | Pipe Markers	Pipe Markers - Generic	526	16	172.83	0	0.00
where to buy floor marking color standard checklist	Broad match	NG | US | NB | Floor Marking	Floor Tape	644	34	152.55	2	1260.66
cheap pipe marking labels near me	Exact match	NG | US | NB | Pipe Markers	Pipe Markers - Generic	1167	67	366.84	1	388.99
buy custom safety signs industrial	Exact match	NG | US | NB | Safety Signage	Custom Signs	345	21	158.21	1	731.44
where to buy safety sign clipart images	Broad match	NG | US | NB | Safety Signage	Custom Signs	120	3	5.39	0	0.00
best pipe markers vinyl	Broad match	NG | US | NB | Pipe Markers	Pipe Markers - Generic	410	39	271.65	3	4247.96
cheap ammonia pipe markers pack of 50	Broad match	NG | US | NB | Pipe Markers	Ammonia + Chemical	514	48	250.30	0	0.00
best free printable safety signs	Broad match	NG | US | NB | Safety Signage	OSHA Signs	1419	12	41.76	0	0.00
where to buy northgate high school football phone number	Broad match	NG | US | BR | Brand	Brand - Core	4956	65	118.23	0	0.00
warning signs for workplace wholesale	Phrase match	NG | US | NB | Safety Signage	Danger + Warning	72	6	46.20	0	0.00
warehouse floor tape same day	Exact match	NG | US | NB | Floor Marking	Floor Tape	131	10	73.30	0	0.00
where to buy lockout tagout kits large	Phrase match	NG | US | NB | Lockout Tagout	LOTO Kits	882	65	278.31	3	1014.16
best diy floor tape hack free	Broad match	NG | US | NB | Floor Marking	Floor Tape	1861	52	55.64	0	0.00
floor marking tape pack of 50	Broad match	NG | US | NB | Floor Marking	Floor Tape	1183	61	477.78	4	2547.28
buy what color is an ammonia pipe label	Phrase match	NG | US | NB | Pipe Markers	Ammonia + Chemical	1056	41	127.66	1	516.76
best seldon safety signs review	Phrase match	NG | US | NB | Safety Signage	Custom Signs	522	26	253.87	0	0.00
buy pipe marking labels with logo	Exact match	NG | US | NB | Pipe Markers	Pipe Markers - Generic	620	48	189.32	1	368.25
best warehouse floor tape wholesale	Exact match	NG | US | NB | Floor Marking	Floor Tape	852	53	199.11	0	0.00
cheap safety signs with logo	Phrase match	NG | US | NB | Safety Signage	OSHA Signs	854	50	310.07	2	3318.91
where to buy ammonia pipe markers industrial	Broad match	NG | US | NB | Pipe Markers	Ammonia + Chemical	1088	53	305.10	4	2661.41
loto station vinyl	Phrase match	NG | US | NB | Lockout Tagout	LOTO Kits	981	48	233.90	2	4373.62
cheap do i need a lockout tagout program guide	Phrase match	NG | US | NB | Lockout Tagout	LOTO Kits	1557	89	321.37	0	0.00
buy floor safety signs custom	Broad match	NG | US | NB | Floor Marking	Floor Signs	158	11	88.87	0	0.00
best lockout tagout requirements osha pdf	Phrase match	NG | US | NB | Lockout Tagout	LOTO Kits	746	44	203.20	0	0.00
where to buy pipe marking labels wholesale	Phrase match	NG | US | NB | Pipe Markers	Pipe Markers - Generic	1278	108	851.68	4	1957.20
pipe markers large	Exact match	NG | US | NB | Pipe Markers	Pipe Markers - Generic	1309	120	588.04	6	3527.14
where to buy how wide should aisle marking be 2026	Broad match	NG | US | NB | Floor Marking	Floor Tape	863	54	277.47	1	220.98
safety signs outdoor	Broad match	NG | US | NB | Safety Signage	OSHA Signs	378	26	154.97	2	1503.99
buy floor marking tape pack of 50	Broad match	NG | US | NB | Floor Marking	Floor Tape	685	54	290.62	1	192.09
where to buy pipe markers large	Phrase match	NG | US | NB | Pipe Markers	Pipe Markers - Generic	716	49	160.32	2	4839.98
cheap pipe markers industrial	Phrase match	NG | US | NB | Pipe Markers	Pipe Markers - Generic	1214	112	485.34	7	4904.01
floor marking tape usa made	Exact match	NG | US | NB | Floor Marking	Floor Tape	203	10	29.48	0	0.00
where to buy lockout tagout requirements osha	Broad match	NG | US | NB | Lockout Tagout	LOTO Kits	1092	53	181.75	1	861.70
floor marking tape heavy duty	Phrase match	NG | US | NB | Floor Marking	Floor Tape	195	10	65.09	0	0.00
buy floor marking color standard chart	Broad match	NG | US | NB | Floor Marking	Floor Tape	546	21	74.65	3	2276.54
where to buy chemical pipe labels wholesale	Broad match	NG | US | NB | Pipe Markers	Ammonia + Chemical	189	17	80.59	2	295.98
buy vantage floor tape review	Broad match	NG | US | NB | Floor Marking	Floor Tape	443	18	176.10	0	0.00
cheap lockout padlocks pack of 50	Phrase match	NG | US | NB | Lockout Tagout	LOTO Padlocks	842	57	299.85	3	1998.95
cheap northgate safety supply catalog shipping	Broad match	NG | US | BR | Brand	Brand - Products	378	95	157.43	12	6890.37
buy ansi pipe marking standard guide	Phrase match	NG | US | NB | Pipe Markers	Pipe Markers - Generic	1272	50	207.43	0	0.00
cheap vantage pipe markers	Broad match	NG | US | NB | Pipe Markers	Pipe Markers - Generic	510	22	123.82	0	0.00
best northgate shopping centre directions	Broad match	NG | US | BR | Brand	Brand - Core	2600	14	19.79	0	0.00
best pipe markers usa made	Phrase match	NG | US | NB | Pipe Markers	Pipe Markers - Generic	283	13	72.58	0	0.00
best northgate shopping centre open today	Phrase match	NG | US | BR | Brand	Brand - Core	2481	12	13.59	0	0.00
buy northgate safety login	Phrase match	NG | US | BR | Brand	Brand - Core	289	65	172.61	5	6425.89
cheap floor marking color standard checklist	Exact match	NG | US | NB | Floor Marking	Floor Tape	395	14	62.42	0	0.00
where to buy floor safety signs waterproof	Phrase match	NG | US | NB | Floor Marking	Floor Signs	166	9	55.81	0	0.00
best custom safety signs vinyl	Broad match	NG | US | NB | Safety Signage	Custom Signs	1189	79	464.46	2	839.47
best danger signs wholesale	Phrase match	NG | US | NB | Safety Signage	Danger + Warning	364	33	134.05	2	372.68
best lockout tagout requirements osha checklist	Broad match	NG | US | NB | Lockout Tagout	LOTO Kits	1202	57	219.29	2	1421.83
best ansi pipe marking standard	Phrase match	NG | US | NB | Pipe Markers	Pipe Markers - Generic	211	8	29.11	0	0.00
cheap how to become a safety manager free	Broad match	NG | US | NB | Lockout Tagout	LOTO Kits	1023	22	83.21	0	0.00
cheap how wide should aisle marking be chart	Broad match	NG | US | NB | Floor Marking	Floor Tape	1154	50	121.42	0	0.00
where to buy osha pipe marking requirements pdf	Exact match	NG | US | NB | Pipe Markers	Pipe Markers - Generic	627	35	127.29	1	305.90
cheap osha sign color requirements pdf	Broad match	NG | US | NB | Safety Signage	OSHA Signs	613	24	60.33	0	0.00
best how wide should aisle marking be guide	Phrase match	NG | US | NB | Floor Marking	Floor Tape	1084	46	93.92	1	612.30
best seldon safety signs	Broad match	NG | US | NB | Safety Signage	Custom Signs	691	30	337.08	0	0.00
cheap pipe marking labels vinyl	Broad match	NG | US | NB | Pipe Markers	Pipe Markers - Generic	1040	56	358.90	1	382.30
best vantage pipe markers price	Broad match	NG | US | NB | Pipe Markers	Pipe Markers - Generic	42	2	19.22	0	0.00
cheap osha pipe marking requirements 2026	Exact match	NG | US | NB | Pipe Markers	Pipe Markers - Generic	833	43	126.55	1	496.93
best warehouse floor tape reflective	Phrase match	NG | US | NB | Floor Marking	Floor Tape	1253	102	307.22	1	3068.76
chemical pipe labels custom	Broad match	NG | US | NB | Pipe Markers	Ammonia + Chemical	413	20	105.33	0	0.00
best osha inspector jobs images	Phrase match	NG | US | NB | Safety Signage	OSHA Signs	198	3	11.32	0	0.00
best lockout padlocks near me	Phrase match	NG | US | NB | Lockout Tagout	LOTO Padlocks	143	8	22.42	0	0.00
best osha safety signs aluminum	Broad match	NG | US | NB | Safety Signage	OSHA Signs	749	48	264.61	4	5293.93
buy northgate safety supply catalog shipping	Exact match	NG | US | BR | Brand	Brand - Products	766	119	301.69	13	14260.08
buy lockout tagout requirements osha explained	Phrase match	NG | US | NB | Lockout Tagout	LOTO Kits	995	62	225.67	1	685.94
where to buy warning signs for workplace custom	Phrase match	NG | US | NB | Safety Signage	Danger + Warning	972	44	361.55	0	0.00
ammonia pipe markers same day	Broad match	NG | US | NB | Pipe Markers	Ammonia + Chemical	410	30	202.29	0	0.00
where to buy what color is an ammonia pipe label guide	Phrase match	NG | US | NB | Pipe Markers	Ammonia + Chemical	1555	56	163.96	4	2632.52
best chemical pipe labels vinyl	Exact match	NG | US | NB | Pipe Markers	Ammonia + Chemical	428	24	161.21	1	359.62
best lockout tagout kits reflective	Exact match	NG | US | NB | Lockout Tagout	LOTO Kits	222	20	82.04	1	339.45
buy safety sign meanings quiz template	Exact match	NG | US | NB | Safety Signage	Danger + Warning	1551	19	33.35	0	0.00
buy custom safety signs supplier	Exact match	NG | US | NB | Safety Signage	Custom Signs	1167	55	405.05	2	996.33
lockout padlocks osha compliant	Exact match	NG | US | NB | Lockout Tagout	LOTO Padlocks	221	12	43.63	1	393.36
buy do i need a lockout tagout program pdf	Phrase match	NG | US | NB | Lockout Tagout	LOTO Kits	174	8	25.80	0	0.00
cheap osha inspector jobs	Phrase match	NG | US | NB | Safety Signage	OSHA Signs	708	11	12.48	0	0.00
where to buy floor safety signs for sale	Broad match	NG | US | NB | Floor Marking	Floor Signs	1130	95	803.39	3	2338.97
warehouse floor tape large	Exact match	NG | US | NB | Floor Marking	Floor Tape	1086	69	485.05	3	1700.92
buy northgate loto kit phone	Broad match	NG | US | BR | Brand	Brand - Products	569	128	287.31	13	5370.41
cheap osha inspector jobs images	Broad match	NG | US | NB | Safety Signage	OSHA Signs	2173	47	163.00	0	0.00
where to buy safety signs vinyl	Broad match	NG | US | NB | Safety Signage	OSHA Signs	1338	104	877.87	2	878.96
buy osha sign color requirements standard	Broad match	NG | US | NB | Safety Signage	OSHA Signs	368	23	100.82	0	0.00
best northgate loto kit shipping	Broad match	NG | US | BR | Brand	Brand - Products	44	7	13.36	0	0.00
cheap floor safety signs pack of 50	Exact match	NG | US | NB | Floor Marking	Floor Signs	1372	95	675.05	2	4257.89
best safety signs vinyl	Broad match	NG | US | NB | Safety Signage	OSHA Signs	1388	127	944.54	7	2573.03
best ansi pipe marking standard standard	Phrase match	NG | US | NB | Pipe Markers	Pipe Markers - Generic	1290	54	108.31	0	0.00
best osha inspector jobs free	Phrase match	NG | US | NB | Safety Signage	OSHA Signs	451	11	20.60	0	0.00
best how to become a safety manager	Phrase match	NG | US | NB | Lockout Tagout	LOTO Kits	1235	34	113.06	0	0.00
buy how wide should aisle marking be 2026	Phrase match	NG | US | NB | Floor Marking	Floor Tape	819	33	132.50	0	0.00
cheap safety sign clipart template	Phrase match	NG | US | NB | Safety Signage	Custom Signs	943	10	37.48	0	0.00
buy custom safety signs waterproof	Phrase match	NG | US | NB | Safety Signage	Custom Signs	764	36	295.51	2	790.20
where to buy seldon safety signs vs	Phrase match	NG | US | NB | Safety Signage	Custom Signs	563	14	147.08	0	0.00
buy northgate apartments for rent map	Phrase match	NG | US | BR | Brand	Brand - Core	4546	70	32.84	0	0.00
where to buy osha sign color requirements checklist	Exact match	NG | US | NB | Safety Signage	OSHA Signs	1377	82	208.72	0	0.00
best warehouse floor tape custom	Exact match	NG | US | NB | Floor Marking	Floor Tape	233	14	86.62	0	0.00
buy ammonia pipe markers with logo	Phrase match	NG | US | NB | Pipe Markers	Ammonia + Chemical	432	36	136.76	0	0.00
buy ammonia pipe markers waterproof	Broad match	NG | US | NB | Pipe Markers	Ammonia + Chemical	126	8	66.41	0	0.00
buy floor marking color standard checklist	Exact match	NG | US | NB | Floor Marking	Floor Tape	889	42	178.26	0	0.00
where to buy danger signs wholesale	Exact match	NG | US | NB | Safety Signage	Danger + Warning	948	83	475.69	5	3875.97
where to buy pipe marking labels reflective	Broad match	NG | US | NB | Pipe Markers	Pipe Markers - Generic	361	34	158.62	2	793.34
cheap floor marking color standard guide	Exact match	NG | US | NB | Floor Marking	Floor Tape	283	18	51.63	0	0.00
safety signs wholesale	Broad match	NG | US | NB | Safety Signage	OSHA Signs	297	25	206.28	3	1462.69
cheap free printable safety signs youtube	Broad match	NG | US | NB | Safety Signage	OSHA Signs	2054	26	54.76	0	0.00
buy safety signs same day	Phrase match	NG | US | NB | Safety Signage	OSHA Signs	960	89	394.59	7	4363.63
cheap northgate safety catalog	Phrase match	NG | US | BR | Brand	Brand - Core	724	179	305.04	26	17034.10
cheap floor marking tape osha compliant	Broad match	NG | US | NB | Floor Marking	Floor Tape	572	52	384.89	3	1280.05
buy lockout tagout kits reflective	Exact match	NG | US | NB | Lockout Tagout	LOTO Kits	496	46	199.25	2	1216.13
pipe marking labels same day	Broad match	NG | US | NB | Pipe Markers	Pipe Markers - Generic	557	26	121.00	1	204.11
cheap osha safety signs waterproof	Exact match	NG | US | NB | Safety Signage	OSHA Signs	335	17	111.84	0	0.00
buy ammonia pipe markers supplier	Broad match	NG | US | NB | Pipe Markers	Ammonia + Chemical	859	59	176.44	3	1471.10
where to buy custom safety signs	Broad match	NG | US | NB | Safety Signage	Custom Signs	1289	69	263.35	0	0.00
buy seldon lockout tagout	Phrase match	NG | US | NB | Lockout Tagout	LOTO Kits	678	37	329.45	0	0.00
warning signs for workplace industrial	Phrase match	NG | US | NB | Safety Signage	Danger + Warning	1270	89	307.00	9	6999.88
best chemical pipe labels wholesale	Phrase match	NG | US | NB | Pipe Markers	Ammonia + Chemical	1011	93	342.26	7	2753.47
buy northgate apartments for rent open today	Phrase match	NG | US | BR | Brand	Brand - Core	1831	29	35.22	0	0.00
where to buy how to label pipes in a plant	Phrase match	NG | US | NB | Pipe Markers	Pipe Markers - Generic	411	15	68.27	0	0.00
cheap northgate safety login	Phrase match	NG | US | BR | Brand	Brand - Core	831	132	255.45	12	7997.49
where to buy northgate apartments for rent directions	Exact match	NG | US | BR | Brand	Brand - Core	4721	46	65.12	0	0.00
where to buy custom safety signs heavy duty	Phrase match	NG | US | NB | Safety Signage	Custom Signs	973	65	511.07	1	723.11
safety signs aluminum	Broad match	NG | US | NB | Safety Signage	OSHA Signs	1282	120	956.06	2	914.84
warning signs for workplace same day	Broad match	NG | US | NB | Safety Signage	Danger + Warning	463	40	189.31	2	1021.32
where to buy northgate shopping centre	Exact match	NG | US | BR | Brand	Brand - Core	2164	11	16.80	0	0.00
best floor safety signs wholesale	Phrase match	NG | US | NB | Floor Marking	Floor Signs	366	24	188.47	0	0.00
where to buy safety signs	Exact match	NG | US | NB | Safety Signage	OSHA Signs	1020	74	426.10	3	1072.49
best what color is an ammonia pipe label guide	Broad match	NG | US | NB | Pipe Markers	Ammonia + Chemical	1359	101	244.01	0	0.00
cheap vantage floor tape review	Broad match	NG | US | NB | Floor Marking	Floor Tape	463	18	151.15	0	0.00
best lockout padlocks with logo	Phrase match	NG | US | NB | Lockout Tagout	LOTO Padlocks	1385	96	302.05	4	1679.69
buy custom safety signs with logo	Exact match	NG | US | NB | Safety Signage	Custom Signs	1095	49	214.88	1	253.70
cheap safety sign meanings quiz template	Exact match	NG | US | NB | Safety Signage	Danger + Warning	1209	23	41.44	0	0.00
cheap safety sign meanings quiz	Broad match	NG | US | NB | Safety Signage	Danger + Warning	380	7	21.15	0	0.00
best osha safety signs bulk	Phrase match	NG | US | NB | Safety Signage	OSHA Signs	688	47	295.35	2	1159.27
where to buy lockout tagout requirements osha standard	Exact match	NG | US | NB | Lockout Tagout	LOTO Kits	544	40	141.21	0	0.00
cheap osha sign color requirements	Phrase match	NG | US | NB | Safety Signage	OSHA Signs	423	28	135.67	0	0.00
where to buy northgate safety	Broad match	NG | US | BR | Brand	Brand - Core	184	41	77.75	4	3703.03
best safety signs free download pdf free	Exact match	NG | US | NB | Safety Signage	OSHA Signs	258	5	13.02	0	0.00
best seldon safety signs price	Phrase match	NG | US | NB | Safety Signage	Custom Signs	515	13	134.71	2	632.86
best floor marking tape near me	Exact match	NG | US | NB | Floor Marking	Floor Tape	1083	74	274.54	3	1616.59
where to buy ammonia pipe markers outdoor	Exact match	NG | US | NB | Pipe Markers	Ammonia + Chemical	715	67	348.26	4	2123.62
cheap northgate high school football open today	Phrase match	NG | US | BR | Brand	Brand - Core	6274	105	151.41	0	0.00
cheap osha safety signs heavy duty	Phrase match	NG | US | NB | Safety Signage	OSHA Signs	902	66	318.20	2	1025.27
where to buy lockout padlocks bulk	Exact match	NG | US | NB | Lockout Tagout	LOTO Padlocks	936	85	400.25	6	5438.23
buy chemical pipe labels bulk	Broad match	NG | US | NB | Pipe Markers	Ammonia + Chemical	1170	106	650.20	11	9674.23
buy northgate shopping centre	Broad match	NG | US | BR | Brand	Brand - Core	5760	78	138.54	0	0.00
buy floor safety signs large	Phrase match	NG | US | NB | Floor Marking	Floor Signs	157	14	47.03	0	0.00
lockout tagout kits outdoor	Broad match	NG | US | NB | Lockout Tagout	LOTO Kits	539	45	307.07	0	0.00
cheap northgate safety supply phone	Exact match	NG | US | BR | Brand	Brand - Core	389	93	245.41	10	10706.03
where to buy danger signs near me	Broad match	NG | US | NB | Safety Signage	Danger + Warning	994	67	267.19	2	2145.73
cheap osha pipe marking requirements standard	Broad match	NG | US | NB | Pipe Markers	Pipe Markers - Generic	471	25	118.68	0	0.00
how wide should aisle marking be guide	Exact match	NG | US | NB | Floor Marking	Floor Tape	1390	92	385.84	2	1312.94
danger signs near me	Phrase match	NG | US | NB | Safety Signage	Danger + Warning	331	23	149.43	0	0.00
cheap warehouse floor tape near me	Phrase match	NG | US | NB | Floor Marking	Floor Tape	563	39	178.22	3	2163.04
safety signs pack of 50	Phrase match	NG | US | NB | Safety Signage	OSHA Signs	226	12	85.44	0	0.00
where to buy what color is an ammonia pipe label explained	Exact match	NG | US | NB | Pipe Markers	Ammonia + Chemical	1439	62	187.74	0	0.00
best northgate mall hours open today	Broad match	NG | US | BR | Brand	Brand - Core	1755	27	50.89	0	0.00
where to buy danger signs custom	Phrase match	NG | US | NB | Safety Signage	Danger + Warning	1033	85	421.86	4	3430.41
cheap northgate safety shipping	Exact match	NG | US | BR | Brand	Brand - Core	491	94	255.02	17	11476.37
buy warning signs for workplace aluminum	Exact match	NG | US | NB | Safety Signage	Danger + Warning	192	16	69.63	0	0.00
where to buy lockout padlocks pack of 50	Broad match	NG | US | NB | Lockout Tagout	LOTO Padlocks	556	34	200.63	0	0.00
best osha safety signs pack of 50	Exact match	NG | US | NB | Safety Signage	OSHA Signs	1269	86	284.54	3	7439.94
